Class,Feature,Value,Probability
CL0,Age,-0.9519700000000001,0.13211815914316208
CL0,Age,-0.07854,0.10900416437288449
CL0,Age,0.49788000000000004,0.16474344205245864
CL0,Age,1.09449,0.23925124933773342
CL0,Age,1.82213,0.24570467341247265
CL0,Age,2.59171,0.09630267084317766
CL0,Gender,-0.48246000000000006,5.387632111959917e-08
CL0,Gender,0.48246000000000006,0.20532717764035824
CL0,Education,-2.43591,0.07589494807283793
CL0,Education,-1.7379,0.08718577236849494
CL0,Education,-1.43719,0.08973879683433365
CL0,Education,-1.22751,0.09169667731051338
CL0,Education,-0.6111300000000001,0.10354485387263936
CL0,Education,-0.059210000000000006,0.1272944526473927
CL0,Education,0.45468000000000003,0.16138063306180617
CL0,Education,1.16365,0.21664961639679267
CL0,Education,1.98437,0.2709040866926069
CL0,Country,-0.57009,5.455065246137601e-08
CL0,Country,-0.46841000000000005,0.19233903252158707
CL0,Country,-0.28519,0.18792805694956227
CL0,Country,-0.09765,0.18254350233345187
CL0,Country,0.21128000000000002,0.17226248332267824
CL0,Country,0.24923,0.17091029273598474
CL0,Country,0.9608200000000001,0.1440402978212565
CL0,Ethnicity,-1.1070200000000001,0.9737810300873947
CL0,Ethnicity,-0.50212,0.1900333142693202
CL0,Ethnicity,-0.31685,3.908165023811663e-08
CL0,Ethnicity,-0.22166,0.06635085295093807
CL0,Ethnicity,0.1144,0.4399160360783618
CL0,Ethnicity,0.126,0.45743817578337465
CL0,Ethnicity,1.90725,0.9999999999999717
CL0,Nscore,-3.4643599999999997,0.14978718915220976
CL0,Nscore,-3.15735,0.14594342731322166
CL0,Nscore,-2.75696,0.13014423543725925
CL0,Nscore,-2.52197,0.11839233316267528
CL0,Nscore,-2.4231700000000003,0.1136439197560424
CL0,Nscore,-2.3436,0.11005232328984828
CL0,Nscore,-2.21844,0.10496807535193389
CL0,Nscore,-2.05048,0.09946536950141047
CL0,Nscore,-1.86962,0.09544435476737809
CL0,Nscore,-1.69163,0.09349699692799246
CL0,Nscore,-1.5507799999999998,0.09335683370681384
CL0,Nscore,-1.43907,0.09409757255620478
CL0,Nscore,-1.32828,0.09554368712158434
CL0,Nscore,-1.1943,0.09817960892175862
CL0,Nscore,-1.05308,0.1019069774695608
CL0,Nscore,-0.92104,0.10614237187236565
CL0,Nscore,-0.79151,0.11085132777150106
CL0,Nscore,-0.67825,0.11528909260854035
CL0,Nscore,-0.58016,0.11928199494598629
CL0,Nscore,-0.46725,0.12395550147021459
CL0,Nscore,-0.34799,0.12888833078113704
CL0,Nscore,-0.24649000000000001,0.13302953227183284
CL0,Nscore,-0.14882,0.13694212216349683
CL0,Nscore,-0.051879999999999996,0.14075463143487693
CL0,Nscore,0.04257,0.14441678300605204
CL0,Nscore,0.13606,0.14801797376609807
CL0,Nscore,0.22393000000000002,0.15141286264064174
CL0,Nscore,0.31287,0.15489441493293019
CL0,Nscore,0.41667,0.15906464375981802
CL0,Nscore,0.52135,0.16344360921012754
CL0,Nscore,0.62967,0.16821825805721358
CL0,Nscore,0.73545,0.17317303676886342
CL0,Nscore,0.82562,0.17765856585687434
CL0,Nscore,0.9109299999999999,0.18214640227362655
CL0,Nscore,1.02119,0.18832384473574018
CL0,Nscore,1.13281,0.19503336596272408
CL0,Nscore,1.23461,0.20156531602496286
CL0,Nscore,1.37297,0.21108001248956965
CL0,Nscore,1.49158,0.21981105996942782
CL0,Nscore,1.6038299999999999,0.22854056083770458
CL0,Nscore,1.72012,0.2380282121140048
CL0,Nscore,1.8399,0.24822201684162562
CL0,Nscore,1.98437,0.2609894176501756
CL0,Nscore,2.127,0.2739655307861312
CL0,Nscore,2.28554,0.288619754568297
CL0,Nscore,2.4626200000000003,0.3049726208174901
CL0,Nscore,2.61139,0.31843602837952795
CL0,Nscore,2.82196,0.3366163392383805
CL0,Nscore,3.27393,0.36994819032043236
CL0,Escore,-3.27393,0.020999648013481968
CL0,Escore,-3.00537,0.030737119627701325
CL0,Escore,-2.72827,0.04311714802003347
CL0,Escore,-2.5383,0.05277682113802566
CL0,Escore,-2.44904,0.05758291233357442
CL0,Escore,-2.32338,0.06458136449163618
CL0,Escore,-2.21069,0.07104021983689317
CL0,Escore,-2.11437,0.07666051264801123
CL0,Escore,-2.03972,0.08105989025339343
CL0,Escore,-1.92173,0.08805669824581973
CL0,Escore,-1.7625,0.09750726153753593
CL0,Escore,-1.6334,0.10510930553204569
CL0,Escore,-1.50796,0.11239240369092984
CL0,Escore,-1.37639,0.1198778538887828
CL0,Escore,-1.23177,0.12787826764101012
CL0,Escore,-1.09207,0.13534020886759796
CL0,Escore,-0.9477899999999999,0.1427339925186725
CL0,Escore,-0.80615,0.14933038266526039
CL0,Escore,-0.69509,0.14882381701102568
CL0,Escore,-0.57545,0.11789612916659305
CL0,Escore,-0.43998999999999994,0.07232713356862186
CL0,Escore,-0.30033000000000004,0.07464828239642093
CL0,Escore,-0.15487,0.13457470403909993
CL0,Escore,0.0033200000000000005,0.17930742795385615
CL0,Escore,0.16767,0.18618895044814884
CL0,Escore,0.32197,0.1898691674864269
CL0,Escore,0.47617,0.19283362386325822
CL0,Escore,0.63779,0.1951315063848033
CL0,Escore,0.80523,0.19656897724505656
CL0,Escore,0.9624799999999999,0.19697693106969671
CL0,Escore,1.11406,0.19644454371481795
CL0,Escore,1.2861,0.19466728662469315
CL0,Escore,1.45421,0.19165685126408485
CL0,Escore,1.58487,0.18840977651636812
CL0,Escore,1.74091,0.18346291201156661
CL0,Escore,1.9388599999999998,0.1754940493011559
CL0,Escore,2.127,0.16618990884669313
CL0,Escore,2.32338,0.1547790297631994
CL0,Escore,2.57309,0.1380744776966507
CL0,Escore,2.8595,0.11667529791428319
CL0,Escore,3.00537,0.10525691199261583
CL0,Escore,3.27393,0.08418483502833841
CL0,Oscore,-3.27393,0.0035841693046223095
CL0,Oscore,-2.8595,0.013055567419612148
CL0,Oscore,-2.63199,0.023701281725533107
CL0,Oscore,-2.39883,0.040008710431768596
CL0,Oscore,-2.21069,0.057147324788734
CL0,Oscore,-2.09015,0.06964260319822463
CL0,Oscore,-1.97495,0.082323524911465
CL0,Oscore,-1.82919,0.09883206237594944
CL0,Oscore,-1.68062,0.11546704303616463
CL0,Oscore,-1.55521,0.12883283010436095
CL0,Oscore,-1.42424,0.14174023696374385
CL0,Oscore,-1.2755299999999998,0.15476147578748176
CL0,Oscore,-1.1190200000000001,0.16634310577559355
CL0,Oscore,-0.97631,0.17489099553030077
CL0,Oscore,-0.8473200000000001,0.18091902515551303
CL0,Oscore,-0.71727,0.1853292483796282
CL0,Oscore,-0.58331,0.18807093666731978
CL0,Oscore,-0.45174,0.188910302397183
CL0,Oscore,-0.31776,0.18777769020500007
CL0,Oscore,-0.17779,0.18433106282346426
CL0,Oscore,-0.019280000000000002,0.17749655638874673
CL0,Oscore,0.14143,0.16732225750808877
CL0,Oscore,0.29338000000000003,0.15480367094364414
CL0,Oscore,0.44585,0.13974832061699846
CL0,Oscore,0.58331,0.12452193336735304
CL0,Oscore,0.7233,0.10804298061355143
CL0,Oscore,0.8830899999999999,0.08897398477714151
CL0,Oscore,1.0623799999999999,0.06856096914382659
CL0,Oscore,1.24033,0.05056163408356073
CL0,Oscore,1.43533,0.034354300788738745
CL0,Oscore,1.6565299999999998,0.020743649653068654
CL0,Oscore,1.8851099999999998,0.011456290815118727
CL0,Oscore,2.1532400000000003,0.0052088911382467875
CL0,Oscore,2.44904,0.001950252314678348
CL0,Oscore,2.90161,0.00034589886397069677
CL0,Ascore,-3.4643599999999997,0.7974442668070552
CL0,Ascore,-3.15735,0.6946511359020355
CL0,Ascore,-3.00537,0.6368809468839151
CL0,Ascore,-2.90161,0.5959657571022683
CL0,Ascore,-2.78793,0.5506208795242314
CL0,Ascore,-2.70172,0.5163786515896964
CL0,Ascore,-2.5383,0.4531801923092946
CL0,Ascore,-2.35413,0.3868281063887406
CL0,Ascore,-2.21844,0.34247484647157567
CL0,Ascore,-2.07848,0.3013608767814995
CL0,Ascore,-1.92595,0.26213665458669394
CL0,Ascore,-1.772,0.22833694103273577
CL0,Ascore,-1.6209,0.20044875448304306
CL0,Ascore,-1.47955,0.17864767246495047
CL0,Ascore,-1.34289,0.16106598877661416
CL0,Ascore,-1.21213,0.1470728873225659
CL0,Ascore,-1.07533,0.13501964377222964
CL0,Ascore,-0.91699,0.12392044526013174
CL0,Ascore,-0.7609600000000001,0.11554847100474301
CL0,Ascore,-0.60633,0.10940530123789514
CL0,Ascore,-0.45321000000000006,0.10515909757894848
CL0,Ascore,-0.30172,0.10255178819053529
CL0,Ascore,-0.15487,0.10139629664133737
CL0,Ascore,-0.01729,0.10145469865305198
CL0,Ascore,0.13136,0.1027027739419527
CL0,Ascore,0.28783000000000003,0.10532020519883661
CL0,Ascore,0.43851999999999997,0.10911518826635119
CL0,Ascore,0.59042,0.11425317594246073
CL0,Ascore,0.7609600000000001,0.12169899096051681
CL0,Ascore,0.9415600000000001,0.1317166688345016
CL0,Ascore,1.11406,0.1436072520370593
CL0,Ascore,1.2861,0.15807575646272906
CL0,Ascore,1.45039,0.1747185929064552
CL0,Ascore,1.6110799999999998,0.19409868515040002
CL0,Ascore,1.81866,0.22444436029366321
CL0,Ascore,2.03972,0.26446408344888034
CL0,Ascore,2.23427,0.30720099861314987
CL0,Ascore,2.4626200000000003,0.3671062813047998
CL0,Ascore,2.75696,0.4594880401804693
CL0,Ascore,3.15735,0.6040713346349285
CL0,Ascore,3.4643599999999997,0.7152182308945391
CL0,Cscore,-3.4643599999999997,0.040446745666644926
CL0,Cscore,-3.15735,0.06222074146907674
CL0,Cscore,-2.90161,0.08318226932192913
CL0,Cscore,-2.72827,0.09760870279215784
CL0,Cscore,-2.57309,0.10978065592284166
CL0,Cscore,-2.4231700000000003,0.12019445728597229
CL0,Cscore,-2.30408,0.1271551251044399
CL0,Cscore,-2.18109,0.13289161670272476
CL0,Cscore,-2.04506,0.1373773932158929
CL0,Cscore,-1.92173,0.13974924479771164
CL0,Cscore,-1.7816900000000002,0.1406231282283384
CL0,Cscore,-1.6410099999999999,0.1398292779493791
CL0,Cscore,-1.5184,0.13806338379481903
CL0,Cscore,-1.3850200000000001,0.13534105257725332
CL0,Cscore,-1.25773,0.13227388478290314
CL0,Cscore,-1.13788,0.12921850712242075
CL0,Cscore,-1.0145,0.12611826367813342
CL0,Cscore,-0.89891,0.12341536436383468
CL0,Cscore,-0.78155,0.12099895643940076
CL0,Cscore,-0.65253,0.11884501133415594
CL0,Cscore,-0.52745,0.11735888433713351
CL0,Cscore,-0.40581,0.11655963528845474
CL0,Cscore,-0.27607,0.11648096515445595
CL0,Cscore,-0.14277,0.11730376696591925
CL0,Cscore,-0.00665,0.11916525535760963
CL0,Cscore,0.12330999999999999,0.12198003876509515
CL0,Cscore,0.25953000000000004,0.1261026719371555
CL0,Cscore,0.41594,0.1324359384977068
CL0,Cscore,0.5848899999999999,0.14135968973501487
CL0,Cscore,0.7583,0.15294085578851696
CL0,Cscore,0.9394899999999999,0.16778667759541546
CL0,Cscore,1.1340700000000001,0.18679696998449316
CL0,Cscore,1.3061200000000002,0.2058836909429056
CL0,Cscore,1.46191,0.22435850542661115
CL0,Cscore,1.6308799999999999,0.24453099161354572
CL0,Cscore,1.81175,0.26435323625716534
CL0,Cscore,2.04506,0.2830589902089236
CL0,Cscore,2.33337,0.28815296651893363
CL0,Cscore,2.63199,0.26778785072411054
CL0,Cscore,3.00537,0.2130721227551007
CL0,Cscore,3.4643599999999997,0.13247217269115003
CL0,Impulsive,-2.55524,0.1234538473037532
CL0,Impulsive,-1.37983,0.16193025959597002
CL0,Impulsive,-0.71126,0.12103735889179434
CL0,Impulsive,-0.21711999999999998,0.10945286928550613
CL0,Impulsive,0.19268,0.12982531225014574
CL0,Impulsive,0.52975,0.1527988200226177
CL0,Impulsive,0.88113,0.17444347101013885
CL0,Impulsive,1.29221,0.20109732814104508
CL0,Impulsive,1.8620299999999999,0.23316617244921162
CL0,Impulsive,2.90161,0.21900000469961056
CL0,SS,-2.07848,0.30690147766990766
CL0,SS,-1.5485799999999998,0.22249192303344348
CL0,SS,-1.18084,0.1810395916474862
CL0,SS,-0.8463700000000001,0.15408458711251063
CL0,SS,-0.52593,0.11776117110408027
CL0,SS,-0.21575,0.06584577570603274
CL0,SS,0.07987000000000001,0.12262989141298437
CL0,SS,0.40148,0.12476151769843838
CL0,SS,0.7654,0.13578089791982983
CL0,SS,1.2247,0.16557305392137622
CL0,SS,1.92173,0.2570503342656178
CL1,Age,-0.9519700000000001,0.10369982696797811
CL1,Age,-0.07854,0.0458539851267838
CL1,Age,0.49788000000000004,0.07100025971030854
CL1,Age,1.09449,0.1523007399588908
CL1,Age,1.82213,0.4160111919922854
CL1,Age,2.59171,0.8368241306816605
CL1,Gender,-0.48246000000000006,0.9999996033271138
CL1,Gender,0.48246000000000006,0.0
CL1,Education,-2.43591,0.03384325556818492
CL1,Education,-1.7379,0.07868045158121159
CL1,Education,-1.43719,0.0995265847836994
CL1,Education,-1.22751,0.11340986233789678
CL1,Education,-0.6111300000000001,0.14954293094037582
CL1,Education,-0.059210000000000006,0.1713152502273893
CL1,Education,0.45468000000000003,0.170233909655462
CL1,Education,1.16365,0.12322998225489681
CL1,Education,1.98437,0.050139476708771835
CL1,Country,-0.57009,0.9999997193250918
CL1,Country,-0.46841000000000005,0.0
CL1,Country,-0.28519,0.0
CL1,Country,-0.09765,0.0
CL1,Country,0.21128000000000002,0.0
CL1,Country,0.24923,0.0
CL1,Country,0.9608200000000001,0.0
CL1,Ethnicity,-1.1070200000000001,0.0
CL1,Ethnicity,-0.50212,0.0
CL1,Ethnicity,-0.31685,0.9999992886810489
CL1,Ethnicity,-0.22166,0.0
CL1,Ethnicity,0.1144,0.0
CL1,Ethnicity,0.126,0.0
CL1,Ethnicity,1.90725,0.0
CL1,Nscore,-3.4643599999999997,0.047972107101647475
CL1,Nscore,-3.15735,0.10655401874450894
CL1,Nscore,-2.75696,0.21994397295475668
CL1,Nscore,-2.52197,0.2892363816110912
CL1,Nscore,-2.4231700000000003,0.31540050617147664
CL1,Nscore,-2.3436,0.3345028299492622
CL1,Nscore,-2.21844,0.36034403256794256
CL1,Nscore,-2.05048,0.38592205488164016
CL1,Nscore,-1.86962,0.40092288718527175
CL1,Nscore,-1.69163,0.4027103630600892
CL1,Nscore,-1.5507799999999998,0.39513651758410123
CL1,Nscore,-1.43907,0.3836845540470594
CL1,Nscore,-1.32828,0.36781529211587166
CL1,Nscore,-1.1943,0.34309894518200545
CL1,Nscore,-1.05308,0.31136892349338996
CL1,Nscore,-0.92104,0.2775896513216884
CL1,Nscore,-0.79151,0.24196641806079444
CL1,Nscore,-0.67825,0.21000917940628702
CL1,Nscore,-0.58016,0.18260041955434178
CL1,Nscore,-0.46725,0.1522863554788977
CL1,Nscore,-0.34799,0.12266246461382821
CL1,Nscore,-0.24649000000000001,0.0999946979672938
CL1,Nscore,-0.14882,0.08071287772054936
CL1,Nscore,-0.051879999999999996,0.06415437330924716
CL1,Nscore,0.04257,0.050475752366953515
CL1,Nscore,0.13606,0.0392023314299754
CL1,Nscore,0.22393000000000002,0.030491790857175675
CL1,Nscore,0.31287,0.023332138832659027
CL1,Nscore,0.41667,0.0167919807610195
CL1,Nscore,0.52135,0.011839154031700272
CL1,Nscore,0.62967,0.008095350681065226
CL1,Nscore,0.73545,0.0054858445997963065
CL1,Nscore,0.82562,0.0038830423179349524
CL1,Nscore,0.9109299999999999,0.0027676665309329003
CL1,Nscore,1.02119,0.0017568944047989853
CL1,Nscore,1.13281,0.0010877905112222433
CL1,Nscore,1.23461,0.0006906557946305831
CL1,Nscore,1.37297,0.0003628446241041713
CL1,Nscore,1.49158,0.00020394496092471934
CL1,Nscore,1.6038299999999999,0.00011577759950699773
CL1,Nscore,1.72012,6.301405223498107e-05
CL1,Nscore,1.8399,3.2895262774696557e-05
CL1,Nscore,1.98437,1.4543790821706832e-05
CL1,Nscore,2.127,6.27372853163912e-06
CL1,Nscore,2.28554,2.3638318817623335e-06
CL1,Nscore,2.4626200000000003,7.539527777679763e-07
CL1,Nscore,2.61139,2.7641989048008944e-07
CL1,Nscore,2.82196,6.23765117605899e-08
CL1,Nscore,3.27393,1.9428588016533186e-09
CL1,Escore,-3.27393,9.522809385935568e-127
CL1,Escore,-3.00537,1.8763353267002068e-104
CL1,Escore,-2.72827,1.0025968303134647e-83
CL1,Escore,-2.5383,7.53198266317558e-71
CL1,Escore,-2.44904,3.565836378568286e-65
CL1,Escore,-2.32338,1.3679322032783688e-57
CL1,Escore,-2.21069,3.4188651449874754e-51
CL1,Escore,-2.11437,5.013754421985714e-46
CL1,Escore,-2.03972,3.2558050135948964e-42
CL1,Escore,-1.92173,1.576605527689972e-36
CL1,Escore,-1.7625,1.6149447559079267e-29
CL1,Escore,-1.6334,2.159590861992901e-24
CL1,Escore,-1.50796,6.872680385298759e-20
CL1,Escore,-1.37639,1.1318276948813517e-15
CL1,Escore,-1.23177,1.2332710664186514e-11
CL1,Escore,-1.09207,2.494289245324339e-08
CL1,Escore,-0.9477899999999999,1.57996913231652e-05
CL1,Escore,-0.80615,0.0022022686584794865
CL1,Escore,-0.69509,0.038842525444221176
CL1,Escore,-0.57545,0.26386220221528256
CL1,Escore,-0.43998999999999994,0.5638479654026003
CL1,Escore,-0.30033000000000004,0.5641649784497708
CL1,Escore,-0.15487,0.23747815555283514
CL1,Escore,0.0033200000000000005,0.01252679249761538
CL1,Escore,0.16767,7.373310944497482e-05
CL1,Escore,0.32197,1.0832279371122017e-07
CL1,Escore,0.47617,3.1141946821150783e-11
CL1,Escore,0.63779,1.0457849700933077e-15
CL1,Escore,0.80523,3.6448783306742506e-21
CL1,Escore,0.9624799999999999,4.7156859867717e-27
CL1,Escore,1.11406,1.988226127861087e-33
CL1,Escore,1.2861,1.7024131369279057e-41
CL1,Escore,1.45421,3.114462910493184e-50
CL1,Escore,1.58487,1.3141183551753347e-57
CL1,Escore,1.74091,4.389310042762285e-67
CL1,Escore,1.9388599999999998,3.738729016457727e-80
CL1,Escore,2.127,1.1576362305340522e-93
CL1,Escore,2.32338,6.790631401682121e-109
CL1,Escore,2.57309,6.230046135279965e-130
CL1,Escore,2.8595,2.3015836964850333e-156
CL1,Escore,3.00537,8.97885140695842e-171
CL1,Escore,3.27393,5.662038546568373e-199
CL1,Oscore,-3.27393,0.0018166446726914864
CL1,Oscore,-2.8595,0.009141908346230663
CL1,Oscore,-2.63199,0.01923109348976166
CL1,Oscore,-2.39883,0.03692838396698899
CL1,Oscore,-2.21069,0.05758088167690139
CL1,Oscore,-2.09015,0.07365886007588766
CL1,Oscore,-1.97495,0.09069416156945288
CL1,Oscore,-1.82919,0.11375052844554177
CL1,Oscore,-1.68062,0.13771113688993242
CL1,Oscore,-1.55521,0.15722102848250333
CL1,Oscore,-1.42424,0.1759500031359444
CL1,Oscore,-1.2755299999999998,0.19420264025031705
CL1,Oscore,-1.1190200000000001,0.20905812494181347
CL1,Oscore,-0.97631,0.21818325489005394
CL1,Oscore,-0.8473200000000001,0.22258907670982173
CL1,Oscore,-0.71727,0.22328862752326156
CL1,Oscore,-0.58331,0.22014594833121784
CL1,Oscore,-0.45174,0.213407671268579
CL1,Oscore,-0.31776,0.2030948668244773
CL1,Oscore,-0.17779,0.18900773910973112
CL1,Oscore,-0.019280000000000002,0.16966647072767324
CL1,Oscore,0.14143,0.14739186215855132
CL1,Oscore,0.29338000000000003,0.12499709492941295
CL1,Oscore,0.44585,0.102419696788822
CL1,Oscore,0.58331,0.0829429091451451
CL1,Oscore,0.7233,0.06477221991559719
CL1,Oscore,0.8830899999999999,0.04683389015966051
CL1,Oscore,1.0623799999999999,0.030799766369606418
CL1,Oscore,1.24033,0.019155503464735223
CL1,Oscore,1.43533,0.01063802794911711
CL1,Oscore,1.6565299999999998,0.005013832968213487
CL1,Oscore,1.8851099999999998,0.002098690495091751
CL1,Oscore,2.1532400000000003,0.0006707008341253737
CL1,Oscore,2.44904,0.00016444958135540395
CL1,Oscore,2.90161,1.423390249708819e-05
CL1,Ascore,-3.4643599999999997,0.005113704694728694
CL1,Ascore,-3.15735,0.013692243696917327
CL1,Ascore,-3.00537,0.020915231319917547
CL1,Ascore,-2.90161,0.027257263470537575
CL1,Ascore,-2.78793,0.035623511591879854
CL1,Ascore,-2.70172,0.042974171057336676
CL1,Ascore,-2.5383,0.059193415809682466
CL1,Ascore,-2.35413,0.08054638757472819
CL1,Ascore,-2.21844,0.09774682712102001
CL1,Ascore,-2.07848,0.11612118398456032
CL1,Ascore,-1.92595,0.13608166463305738
CL1,Ascore,-1.772,0.1552973220341841
CL1,Ascore,-1.6209,0.1724673042772093
CL1,Ascore,-1.47955,0.18644159743636995
CL1,Ascore,-1.34289,0.19763803923372034
CL1,Ascore,-1.21213,0.20596845258173052
CL1,Ascore,-1.07533,0.21201766750957826
CL1,Ascore,-0.91699,0.21549763839301006
CL1,Ascore,-0.7609600000000001,0.2152171865991489
CL1,Ascore,-0.60633,0.21140670011739793
CL1,Ascore,-0.45321000000000006,0.2043710692352116
CL1,Ascore,-0.30172,0.1945083195957902
CL1,Ascore,-0.15487,0.1825491772196932
CL1,Ascore,-0.01729,0.16957464168359224
CL1,Ascore,0.13136,0.1540915940794039
CL1,Ascore,0.28783000000000003,0.13672724237053913
CL1,Ascore,0.43851999999999997,0.11956771827313914
CL1,Ascore,0.59042,0.10242345912804789
CL1,Ascore,0.7609600000000001,0.08401897509447999
CL1,Ascore,0.9415600000000001,0.066171917639988
CL1,Ascore,1.11406,0.0511831906028496
CL1,Ascore,1.2861,0.03849261805320441
CL1,Ascore,1.45039,0.028526387519684417
CL1,Ascore,1.6110799999999998,0.020719020556231996
CL1,Ascore,1.81866,0.013165302414444264
CL1,Ascore,2.03972,0.0077089554137501235
CL1,Ascore,2.23427,0.004591166051281092
CL1,Ascore,2.4626200000000003,0.0023521368684775164
CL1,Ascore,2.75696,0.0008939874803248119
CL1,Ascore,3.15735,0.00019382619788746504
CL1,Ascore,3.4643599999999997,5.002578422805242e-05
CL1,Cscore,-3.4643599999999997,0.15500978364959878
CL1,Cscore,-3.15735,0.21168120320075132
CL1,Cscore,-2.90161,0.2562436001949751
CL1,Cscore,-2.72827,0.28110126836514115
CL1,Cscore,-2.57309,0.2976486188906836
CL1,Cscore,-2.4231700000000003,0.3074277832210673
CL1,Cscore,-2.30408,0.31050752760729694
CL1,Cscore,-2.18109,0.3093494122469569
CL1,Cscore,-2.04506,0.30329690251416835
CL1,Cscore,-1.92173,0.29406451591835725
CL1,Cscore,-1.7816900000000002,0.28019161280170585
CL1,Cscore,-1.6410099999999999,0.2637447546078377
CL1,Cscore,-1.5184,0.2482575143915997
CL1,Cscore,-1.3850200000000001,0.23102533472539707
CL1,Cscore,-1.25773,0.2148492716635768
CL1,Cscore,-1.13788,0.200293928170226
CL1,Cscore,-1.0145,0.1862939047253873
CL1,Cscore,-0.89891,0.1742536094615822
CL1,Cscore,-0.78155,0.16318460003886467
CL1,Cscore,-0.65253,0.15239726347813745
CL1,Cscore,-0.52745,0.1433084993462064
CL1,Cscore,-0.40581,0.13571904187226386
CL1,Cscore,-0.27607,0.1289140633755406
CL1,Cscore,-0.14277,0.12322435176958357
CL1,Cscore,-0.00665,0.11868208624617099
CL1,Cscore,0.12330999999999999,0.11545544544831222
CL1,Cscore,0.25953000000000004,0.11315304874757481
CL1,Cscore,0.41594,0.11176783144741867
CL1,Cscore,0.5848899999999999,0.111649578234684
CL1,Cscore,0.7583,0.11284995652904979
CL1,Cscore,0.9394899999999999,0.1153028927548769
CL1,Cscore,1.1340700000000001,0.11892043154444927
CL1,Cscore,1.3061200000000002,0.12250135455792822
CL1,Cscore,1.46191,0.12556159842122255
CL1,Cscore,1.6308799999999999,0.1280499588381178
CL1,Cscore,1.81175,0.128917803042752
CL1,Cscore,2.04506,0.12592169529159125
CL1,Cscore,2.33337,0.11441908460509019
CL1,Cscore,2.63199,0.09451717282705553
CL1,Cscore,3.00537,0.06489677727040703
CL1,Cscore,3.4643599999999997,0.03365312902375064
CL1,Impulsive,-2.55524,9.251047159480848e-07
CL1,Impulsive,-1.37983,0.02968364187088265
CL1,Impulsive,-0.71126,0.2493875380373104
CL1,Impulsive,-0.21711999999999998,0.2858879294877194
CL1,Impulsive,0.19268,0.1518628877353465
CL1,Impulsive,0.52975,0.04678406236981734
CL1,Impulsive,0.88113,0.006873632482698977
CL1,Impulsive,1.29221,0.0003088355396985291
CL1,Impulsive,1.8620299999999999,8.816420086491175e-07
CL1,Impulsive,2.90161,1.5746364295803217e-13
CL1,SS,-2.07848,4.883309279020424e-89
CL1,SS,-1.5485799999999998,1.814375036602985e-43
CL1,SS,-1.18084,2.065480483719168e-21
CL1,SS,-0.8463700000000001,3.749802242823734e-08
CL1,SS,-0.52593,0.13783335834742247
CL1,SS,-0.21575,0.47943257612799345
CL1,SS,0.07987000000000001,3.25294041118905e-05
CL1,SS,0.40148,8.561337464911449e-16
CL1,SS,0.7654,5.651673958438213e-35
CL1,SS,1.2247,4.132125547373492e-70
CL1,SS,1.92173,9.40310840138903e-147
CL2,Age,-0.9519700000000001,0.008077950322897036
CL2,Age,-0.07854,0.31869110167513237
CL2,Age,0.49788000000000004,0.1483766841664988
CL2,Age,1.09449,0.002803399352437861
CL2,Age,1.82213,1.9576830423979908e-07
CL2,Age,2.59171,1.7538087137585433e-14
CL2,Gender,-0.48246000000000006,8.887760553487085e-08
CL2,Gender,0.48246000000000006,0.09596271288881905
CL2,Education,-2.43591,0.04265501327941727
CL2,Education,-1.7379,0.14088910267961538
CL2,Education,-1.43719,0.18661082509178023
CL2,Education,-1.22751,0.21149223012512816
CL2,Education,-0.6111300000000001,0.22960508659876006
CL2,Education,-0.059210000000000006,0.1763020531531155
CL2,Education,0.45468000000000003,0.09962099942680892
CL2,Education,1.16365,0.024424488195680372
CL2,Education,1.98437,0.0018275513176097588
CL2,Country,-0.57009,3.340924298180273e-08
CL2,Country,-0.46841000000000005,0.12546318340066906
CL2,Country,-0.28519,0.13693248926759552
CL2,Country,-0.09765,0.14838246399531532
CL2,Country,0.21128000000000002,0.1662299271537817
CL2,Country,0.24923,0.16831288853052764
CL2,Country,0.9608200000000001,0.20155299426612483
CL2,Ethnicity,-1.1070200000000001,2.4835124560201058e-12
CL2,Ethnicity,-0.50212,0.08026264185693271
CL2,Ethnicity,-0.31685,1.423570188039482e-07
CL2,Ethnicity,-0.22166,0.25587213366212486
CL2,Ethnicity,0.1144,0.00694394317939758
CL2,Ethnicity,0.126,0.005096358320946112
CL2,Ethnicity,1.90725,1.8453836421507394e-80
CL2,Nscore,-3.4643599999999997,0.4988175723238965
CL2,Nscore,-3.15735,0.4290343073766485
CL2,Nscore,-2.75696,0.3265483931066225
CL2,Nscore,-2.52197,0.2713003015013582
CL2,Nscore,-2.4231700000000003,0.2507981361308976
CL2,Nscore,-2.3436,0.23566947493305604
CL2,Nscore,-2.21844,0.21446861632562844
CL2,Nscore,-2.05048,0.19095313923189522
CL2,Nscore,-1.86962,0.17150921422141027
CL2,Nscore,-1.69163,0.1575758294265626
CL2,Nscore,-1.5507799999999998,0.14965666517713194
CL2,Nscore,-1.43907,0.1450335839865255
CL2,Nscore,-1.32828,0.14168820200300195
CL2,Nscore,-1.1943,0.1390274897670263
CL2,Nscore,-1.05308,0.13753111516917702
CL2,Nscore,-0.92104,0.13702390749385893
CL2,Nscore,-0.79151,0.13707135417832653
CL2,Nscore,-0.67825,0.13734750127777232
CL2,Nscore,-0.58016,0.13763714918298486
CL2,Nscore,-0.46725,0.13791592616261994
CL2,Nscore,-0.34799,0.13805159510206874
CL2,Nscore,-0.24649000000000001,0.13799442643551452
CL2,Nscore,-0.14882,0.1377806233641026
CL2,Nscore,-0.051879999999999996,0.13742748611297392
CL2,Nscore,0.04257,0.13697499010769792
CL2,Nscore,0.13606,0.13645622124809162
CL2,Nscore,0.22393000000000002,0.13593865976284225
CL2,Nscore,0.31287,0.13541908505246583
CL2,Nscore,0.41667,0.1348604993886715
CL2,Nscore,0.52135,0.13439260940828715
CL2,Nscore,0.62967,0.1340493872825158
CL2,Nscore,0.73545,0.13388233131636615
CL2,Nscore,0.82562,0.13388627903957429
CL2,Nscore,0.9109299999999999,0.13402104770764836
CL2,Nscore,1.02119,0.13438785260552089
CL2,Nscore,1.13281,0.13497814912940514
CL2,Nscore,1.23461,0.13570069124031492
CL2,Nscore,1.37297,0.1369419273689907
CL2,Nscore,1.49158,0.13821515469143458
CL2,Nscore,1.6038299999999999,0.139567283401723
CL2,Nscore,1.72012,0.14108466163389907
CL2,Nscore,1.8399,0.14273088636034145
CL2,Nscore,1.98437,0.14476396101716985
CL2,Nscore,2.127,0.14674379135445567
CL2,Nscore,2.28554,0.1488110002299286
CL2,Nscore,2.4626200000000003,0.15082272831083268
CL2,Nscore,2.61139,0.15217227158322996
CL2,Nscore,2.82196,0.1534133221452141
CL2,Nscore,3.27393,0.1529810356077157
CL2,Escore,-3.27393,0.02903347507588582
CL2,Escore,-3.00537,0.04326628491116645
CL2,Escore,-2.72827,0.06136194238463028
CL2,Escore,-2.5383,0.07534072286155785
CL2,Escore,-2.44904,0.08221804561924875
CL2,Escore,-2.32338,0.09211205251822868
CL2,Escore,-2.21069,0.10109127274075824
CL2,Escore,-2.11437,0.10876498448186851
CL2,Escore,-2.03972,0.11466867918263485
CL2,Escore,-1.92173,0.123847288915507
CL2,Escore,-1.7625,0.1357714554829387
CL2,Escore,-1.6334,0.1449022184861251
CL2,Escore,-1.50796,0.1532013165758581
CL2,Escore,-1.37639,0.1612061823982194
CL2,Escore,-1.23177,0.16908513934348784
CL2,Escore,-1.09207,0.17570661544725627
CL2,Escore,-0.9477899999999999,0.18146404697466717
CL2,Escore,-0.80615,0.18560938879534397
CL2,Escore,-0.69509,0.18147690614052434
CL2,Escore,-0.57545,0.14063861428116867
CL2,Escore,-0.43998999999999994,0.08401361808744424
CL2,Escore,-0.30033000000000004,0.08420126328803033
CL2,Escore,-0.15487,0.14692039648369884
CL2,Escore,0.0033200000000000005,0.18847436963447198
CL2,Escore,0.16767,0.18765084758401163
CL2,Escore,0.32197,0.1835024935314506
CL2,Escore,0.47617,0.1782951499040066
CL2,Escore,0.63779,0.17179841341209268
CL2,Escore,0.80523,0.16405103453656358
CL2,Escore,0.9624799999999999,0.15593944595300283
CL2,Escore,1.11406,0.14745747254309896
CL2,Escore,1.2861,0.1371755131631235
CL2,Escore,1.45421,0.12660457453342927
CL2,Escore,1.58487,0.11813333761209203
CL2,Escore,1.74091,0.10784216990475312
CL2,Escore,1.9388599999999998,0.09471606377875598
CL2,Escore,2.127,0.08240362495061532
CL2,Escore,2.32338,0.06998116103000475
CL2,Escore,2.57309,0.05520869396368822
CL2,Escore,2.8595,0.04020848042794692
CL2,Escore,3.00537,0.033522866314258236
CL2,Escore,3.27393,0.02305963049076834
CL2,Oscore,-3.27393,0.15801560398761477
CL2,Oscore,-2.8595,0.16785540051306122
CL2,Oscore,-2.63199,0.16907453704772105
CL2,Oscore,-2.39883,0.1664148995716384
CL2,Oscore,-2.21069,0.16128759862886027
CL2,Oscore,-2.09015,0.1567608517347993
CL2,Oscore,-1.97495,0.15172425430827938
CL2,Oscore,-1.82919,0.14469367271347147
CL2,Oscore,-1.68062,0.13723624351705616
CL2,Oscore,-1.55521,0.13108145792775608
CL2,Oscore,-1.42424,0.12509702515915927
CL2,Oscore,-1.2755299999999998,0.11915179312547741
CL2,Oscore,-1.1190200000000001,0.11413833956527876
CL2,Oscore,-0.97631,0.11083880377706225
CL2,Oscore,-0.8473200000000001,0.10897642363008636
CL2,Oscore,-0.71727,0.10821587744280826
CL2,Oscore,-0.58331,0.10863105406050223
CL2,Oscore,-0.45174,0.11023964956299892
CL2,Oscore,-0.31776,0.11311105597583263
CL2,Oscore,-0.17779,0.11744135157388558
CL2,Oscore,-0.019280000000000002,0.1239647024867911
CL2,Oscore,0.14143,0.13226207445384344
CL2,Oscore,0.29338000000000003,0.14153168965270524
CL2,Oscore,0.44585,0.15201632342376611
CL2,Oscore,0.58331,0.16225183631962575
CL2,Oscore,0.7233,0.17317243183851588
CL2,Oscore,0.8830899999999999,0.18588958009062645
CL2,Oscore,1.0623799999999999,0.1999989103532953
CL2,Oscore,1.24033,0.2133881621055533
CL2,Oscore,1.43533,0.22698642454169102
CL2,Oscore,1.6565299999999998,0.24080091104849907
CL2,Oscore,1.8851099999999998,0.25319753889598823
CL2,Oscore,2.1532400000000003,0.26534142342121836
CL2,Oscore,2.44904,0.2757881713447244
CL2,Oscore,2.90161,0.28569341515262753
CL2,Ascore,-3.4643599999999997,0.031064253750368583
CL2,Ascore,-3.15735,0.04777434614908926
CL2,Ascore,-3.00537,0.05700103315923282
CL2,Ascore,-2.90161,0.06341257792784515
CL2,Ascore,-2.78793,0.07036413693402166
CL2,Ascore,-2.70172,0.07548498229151515
CL2,Ascore,-2.5383,0.08458364364520496
CL2,Ascore,-2.35413,0.09353269351620946
CL2,Ascore,-2.21844,0.09909430218690615
CL2,Ascore,-2.07848,0.10389993664009779
CL2,Ascore,-1.92595,0.10814449934213512
CL2,Ascore,-1.772,0.11154332616708873
CL2,Ascore,-1.6209,0.1142198665153657
CL2,Ascore,-1.47955,0.1163222546530887
CL2,Ascore,-1.34289,0.11814632824882297
CL2,Ascore,-1.21213,0.11982576997563749
CL2,Ascore,-1.07533,0.1216252358041948
CL2,Ascore,-0.91699,0.12388323785061199
CL2,Ascore,-0.7609600000000001,0.1263933282197529
CL2,Ascore,-0.60633,0.12922871128208274
CL2,Ascore,-0.45321000000000006,0.1324115658654982
CL2,Ascore,-0.30172,0.1359308927009084
CL2,Ascore,-0.15487,0.13967036819540657
CL2,Ascore,-0.01729,0.14342511463734434
CL2,Ascore,0.13136,0.1476891807642663
CL2,Ascore,0.28783000000000003,0.15231259151303575
CL2,Ascore,0.43851999999999997,0.1567809632475299
CL2,Ascore,0.59042,0.16117256153518084
CL2,Ascore,0.7609600000000001,0.1658010599851633
CL2,Ascore,0.9415600000000001,0.17014750619721664
CL2,Ascore,1.11406,0.17356501724104584
CL2,Ascore,1.2861,0.17607266093666976
CL2,Ascore,1.45039,0.17746666558122706
CL2,Ascore,1.6110799999999998,0.17773847764942075
CL2,Ascore,1.81866,0.17625936492735328
CL2,Ascore,2.03972,0.1720886951872366
CL2,Ascore,2.23427,0.1659163344190545
CL2,Ascore,2.4626200000000003,0.1554059273696289
CL2,Ascore,2.75696,0.13657152342441195
CL2,Ascore,3.15735,0.10329977271393094
CL2,Ascore,3.4643599999999997,0.0756915606607775
CL2,Cscore,-3.4643599999999997,0.7954660064214777
CL2,Cscore,-3.15735,0.702388116792867
CL2,Cscore,-2.90161,0.6128315929677628
CL2,Cscore,-2.72827,0.5485206785072113
CL2,Cscore,-2.57309,0.49027145548106316
CL2,Cscore,-2.4231700000000003,0.43482156574542086
CL2,Cscore,-2.30408,0.3922294502140785
CL2,Cscore,-2.18109,0.3502868028144715
CL2,Cscore,-2.04506,0.30698501692990854
CL2,Cscore,-1.92173,0.27099971624891267
CL2,Cscore,-1.7816900000000002,0.23427313988892168
CL2,Cscore,-1.6410099999999999,0.20195872948543597
CL2,Cscore,-1.5184,0.17749369436683174
CL2,Cscore,-1.3850200000000001,0.15460035118241425
CL2,Cscore,-1.25773,0.1360971254154597
CL2,Cscore,-1.13788,0.12137741708981872
CL2,Cscore,-1.0145,0.10866676125599403
CL2,Cscore,-0.89891,0.09874979626778335
CL2,Cscore,-0.78155,0.09041683610366606
CL2,Cscore,-0.65253,0.08302763212207688
CL2,Cscore,-0.52745,0.07741901489519395
CL2,Cscore,-0.40581,0.073263475286592
CL2,Cscore,-0.27607,0.07009984805043169
CL2,Cscore,-0.14277,0.0681013430665168
CL2,Cscore,-0.00665,0.0672968603181216
CL2,Cscore,0.12330999999999999,0.06767107419893402
CL2,Cscore,0.25953000000000004,0.06928527807314316
CL2,Cscore,0.41594,0.0727834848724199
CL2,Cscore,0.5848899999999999,0.07877578379399881
CL2,Cscore,0.7583,0.08773747096148164
CL2,Cscore,0.9394899999999999,0.10080897273059677
CL2,Cscore,1.1340700000000001,0.12010230789286894
CL2,Cscore,1.3061200000000002,0.14276737417090005
CL2,Cscore,1.46191,0.16872297392243307
CL2,Cscore,1.6308799999999999,0.20355466959959112
CL2,Cscore,1.81175,0.24921251326880628
CL2,Cscore,2.04506,0.3209048211212945
CL2,Cscore,2.33337,0.42591340683018974
CL2,Cscore,2.63199,0.5441097158357283
CL2,Cscore,3.00537,0.6858738795883732
CL2,Cscore,3.4643599999999997,0.825339016933195
CL2,Impulsive,-2.55524,0.0006141372034477634
CL2,Impulsive,-1.37983,0.03448399453861018
CL2,Impulsive,-0.71126,0.09143485671932887
CL2,Impulsive,-0.21711999999999998,0.1404888604165379
CL2,Impulsive,0.19268,0.19910883469522495
CL2,Impulsive,0.52975,0.22710948440982795
CL2,Impulsive,0.88113,0.21153562016842659
CL2,Impulsive,1.29221,0.15402905274965134
CL2,Impulsive,1.8620299999999999,0.06365824086110743
CL2,Impulsive,2.90161,0.0027935223195471415
CL2,SS,-2.07848,0.024456302984145608
CL2,SS,-1.5485799999999998,0.059821537596514957
CL2,SS,-1.18084,0.09490736258255061
CL2,SS,-0.8463700000000001,0.13078918750454768
CL2,SS,-0.52593,0.1417946007019615
CL2,SS,-0.21575,0.10018698362535926
CL2,SS,0.07987000000000001,0.21193776609699883
CL2,SS,0.40148,0.2227693747539013
CL2,SS,0.7654,0.22018629428822958
CL2,SS,1.2247,0.19430372747534516
CL2,SS,1.92173,0.12007510965236169
CL3,Age,-0.9519700000000001,0.2246183587516451
CL3,Age,-0.07854,0.13755345506558297
CL3,Age,0.49788000000000004,0.13976616025367192
CL3,Age,1.09449,0.11379371564688466
CL3,Age,1.82213,0.045797136654753455
CL3,Age,2.59171,0.00505619676893676
CL3,Gender,-0.48246000000000006,7.254334017773559e-08
CL3,Gender,0.48246000000000006,0.14591590511703142
CL3,Education,-2.43591,0.18408465546926017
CL3,Education,-1.7379,0.15109776336819042
CL3,Education,-1.43719,0.13714119049884313
CL3,Education,-1.22751,0.1292407316803476
CL3,Education,-0.6111300000000001,0.11882061997302838
CL3,Education,-0.059210000000000006,0.12658545790147294
CL3,Education,0.45468000000000003,0.14541345012393206
CL3,Education,1.16365,0.1800150363580997
CL3,Education,1.98437,0.2219154598853383
CL3,Country,-0.57009,6.138065128395556e-08
CL3,Country,-0.46841000000000005,0.2094577161009987
CL3,Country,-0.28519,0.19424031532796582
CL3,Country,-0.09765,0.18045778076663932
CL3,Country,0.21128000000000002,0.16139755756159824
CL3,Country,0.24923,0.1593477546389596
CL3,Country,0.9608200000000001,0.13118776032946994
CL3,Ethnicity,-1.1070200000000001,0.016804422969532638
CL3,Ethnicity,-0.50212,0.2538445298694657
CL3,Ethnicity,-0.31685,7.394985464153774e-08
CL3,Ethnicity,-0.22166,0.12548479533368836
CL3,Ethnicity,0.1144,0.31358393203592216
CL3,Ethnicity,0.126,0.30684482015588743
CL3,Ethnicity,1.90725,2.8339912046411545e-14
CL3,Nscore,-3.4643599999999997,0.2185899938769166
CL3,Nscore,-3.15735,0.20245338494063014
CL3,Nscore,-2.75696,0.16977082656782594
CL3,Nscore,-2.52197,0.14933065362515782
CL3,Nscore,-2.4231700000000003,0.14140398825789438
CL3,Nscore,-2.3436,0.13547391525497915
CL3,Nscore,-2.21844,0.12710629591326952
CL3,Nscore,-2.05048,0.11790721675465178
CL3,Nscore,-1.86962,0.11069170210525217
CL3,Nscore,-1.69163,0.10623377867912828
CL3,Nscore,-1.5507799999999998,0.10444479808582129
CL3,Nscore,-1.43907,0.10403659227312334
CL3,Nscore,-1.32828,0.10444647814651631
CL3,Nscore,-1.1943,0.10592557436666172
CL3,Nscore,-1.05308,0.10850209810906564
CL3,Nscore,-0.92104,0.11168814231677836
CL3,Nscore,-0.79151,0.11536678590057045
CL3,Nscore,-0.67825,0.11888990054139424
CL3,Nscore,-0.58016,0.12207564361777103
CL3,Nscore,-0.46725,0.12580193292381006
CL3,Nscore,-0.34799,0.12971630467682416
CL3,Nscore,-0.24649000000000001,0.13298098906140907
CL3,Nscore,-0.14882,0.13604668406941028
CL3,Nscore,-0.051879999999999996,0.13901988533830079
CL3,Nscore,0.04257,0.1418693532665221
CL3,Nscore,0.13606,0.14467400462102556
CL3,Nscore,0.22393000000000002,0.14732922746242613
CL3,Nscore,0.31287,0.15007203808642888
CL3,Nscore,0.41667,0.15339327978837267
CL3,Nscore,0.52135,0.15693031128947763
CL3,Nscore,0.62967,0.16084813353008612
CL3,Nscore,0.73545,0.16497947210220842
CL3,Nscore,0.82562,0.16877299756619346
CL3,Nscore,0.9109299999999999,0.172614473114739
CL3,Nscore,1.02119,0.17796909303387357
CL3,Nscore,1.13281,0.18386179471404293
CL3,Nscore,1.23461,0.18966567589778394
CL3,Nscore,1.37297,0.1982235782933601
CL3,Nscore,1.49158,0.20617338916072048
CL3,Nscore,1.6038299999999999,0.2142067634681069
CL3,Nscore,1.72012,0.22302953019258903
CL3,Nscore,1.8399,0.23261341030489363
CL3,Nscore,1.98437,0.24477163912039895
CL3,Nscore,2.127,0.25731430037507874
CL3,Nscore,2.28554,0.27172697237364907
CL3,Nscore,2.4626200000000003,0.2881703076874813
CL3,Nscore,2.61139,0.3020530400939957
CL3,Nscore,2.82196,0.32144029680362207
CL3,Nscore,3.27393,0.36013330081236494
CL3,Escore,-3.27393,0.5944963262179266
CL3,Escore,-3.00537,0.5215996472082863
CL3,Escore,-2.72827,0.4490409007506218
CL3,Escore,-2.5383,0.4025880329957343
CL3,Escore,-2.44904,0.38196855853136835
CL3,Escore,-2.32338,0.3544048231017994
CL3,Escore,-2.21069,0.3312271072815529
CL3,Escore,-2.11437,0.3126118691048347
CL3,Escore,-2.03972,0.2989528069064008
CL3,Escore,-1.92173,0.2787319506857345
CL3,Escore,-1.7625,0.2540615262809309
CL3,Escore,-1.6334,0.23619539498212871
CL3,Escore,-1.50796,0.22058162390928643
CL3,Escore,-1.37639,0.2059526613662498
CL3,Escore,-1.23177,0.19180327104601697
CL3,Escore,-1.09207,0.17991429534977352
CL3,Escore,-0.9477899999999999,0.16932190704270375
CL3,Escore,-0.80615,0.1601095769204408
CL3,Escore,-0.69509,0.14849650589061933
CL3,Escore,-0.57545,0.10966355413740267
CL3,Escore,-0.43998999999999994,0.06270534267404324
CL3,Escore,-0.30033000000000004,0.06080096600088241
CL3,Escore,-0.15487,0.1038385705200336
CL3,Escore,0.0033200000000000005,0.13210994180352706
CL3,Escore,0.16767,0.1325911522544744
CL3,Escore,0.32197,0.13266771937335678
CL3,Escore,0.47617,0.13387196173327315
CL3,Escore,0.63779,0.13637444826980114
CL3,Escore,0.80523,0.14035409716263336
CL3,Escore,0.9624799999999999,0.14544642166250543
CL3,Escore,1.11406,0.15168176777186765
CL3,Escore,1.2861,0.16046448684125822
CL3,Escore,1.45421,0.1709598295208741
CL3,Escore,1.58487,0.18054442900044568
CL3,Escore,1.74091,0.19377574053064073
CL3,Escore,1.9388599999999998,0.21362455184356127
CL3,Escore,2.127,0.2359847510845544
CL3,Escore,2.32338,0.26329804994280803
CL3,Escore,2.57309,0.3043342766883346
CL3,Escore,2.8595,0.3604241371480785
CL3,Escore,3.00537,0.3926087699692019
CL3,Escore,3.27393,0.45752045484639897
CL3,Oscore,-3.27393,0.02038297464325304
CL3,Oscore,-2.8595,0.039059659719665414
CL3,Oscore,-2.63199,0.05240492147109161
CL3,Oscore,-2.39883,0.06732776162832715
CL3,Oscore,-2.21069,0.07928649229462288
CL3,Oscore,-2.09015,0.08648068626214085
CL3,Oscore,-1.97495,0.09281031354764936
CL3,Oscore,-1.82919,0.09989461118891078
CL3,Oscore,-1.68062,0.10599547552507077
CL3,Oscore,-1.55521,0.1103286398483057
CL3,Oscore,-1.42424,0.1141989559582418
CL3,Oscore,-1.2755299999999998,0.11802094161386868
CL3,Oscore,-1.1190200000000001,0.1217045622126967
CL3,Oscore,-0.97631,0.12503630926203516
CL3,Oscore,-0.8473200000000001,0.1282081627558241
CL3,Oscore,-0.71727,0.1316847048484849
CL3,Oscore,-0.58331,0.1356398065639798
CL3,Oscore,-0.45174,0.1399247944136308
CL3,Oscore,-0.31776,0.14467032859300136
CL3,Oscore,-0.17779,0.1499403865850115
CL3,Oscore,-0.019280000000000002,0.15605619216199507
CL3,Oscore,0.14143,0.16201023414249352
CL3,Oscore,0.29338000000000003,0.16690741880582002
CL3,Oscore,0.44585,0.17054341453028757
CL3,Oscore,0.58331,0.17225882754330618
CL3,Oscore,0.7233,0.17209940707647603
CL3,Oscore,0.8830899999999999,0.16924124320055603
CL3,Oscore,1.0623799999999999,0.16250224771972285
CL3,Oscore,1.24033,0.15237654796614564
CL3,Oscore,1.43533,0.13811580801586892
CL3,Oscore,1.6565299999999998,0.11936371557071478
CL3,Oscore,1.8851099999999998,0.09892326444993045
CL3,Oscore,2.1532400000000003,0.07579596996106541
CL3,Oscore,2.44904,0.05344749790326057
CL3,Oscore,2.90161,0.02805374549991789
CL3,Ascore,-3.4643599999999997,0.05006930103180021
CL3,Ascore,-3.15735,0.07242655199278528
CL3,Ascore,-3.00537,0.0839398832402003
CL3,Ascore,-2.90161,0.09159202603228944
CL3,Ascore,-2.78793,0.0995458623285876
CL3,Ascore,-2.70172,0.1051565194404399
CL3,Ascore,-2.5383,0.11452301609983141
CL3,Ascore,-2.35413,0.12278309332111394
CL3,Ascore,-2.21844,0.12725443724564756
CL3,Ascore,-2.07848,0.13052526872306933
CL3,Ascore,-1.92595,0.13275044761231408
CL3,Ascore,-1.772,0.13387783914950438
CL3,Ascore,-1.6209,0.1342107424563107
CL3,Ascore,-1.47955,0.13409490507601096
CL3,Ascore,-1.34289,0.13379831005784398
CL3,Ascore,-1.21213,0.13349734037627292
CL3,Ascore,-1.07533,0.13329090598533733
CL3,Ascore,-0.91699,0.13331835965836575
CL3,Ascore,-0.7609600000000001,0.13372329798968208
CL3,Ascore,-0.60633,0.13455363482928004
CL3,Ascore,-0.45321000000000006,0.1358182188177536
CL3,Ascore,-0.30172,0.13749338509222778
CL3,Ascore,-0.15487,0.13948688184076827
CL3,Ascore,-0.01729,0.14163806919078828
CL3,Ascore,0.13136,0.14420323408386088
CL3,Ascore,0.28783000000000003,0.1470800150052572
CL3,Ascore,0.43851999999999997,0.14991602710910126
CL3,Ascore,0.59042,0.1527262341587898
CL3,Ascore,0.7609600000000001,0.1556796913280003
CL3,Ascore,0.9415600000000001,0.15840231416595074
CL3,Ascore,1.11406,0.16044996806217243
CL3,Ascore,1.2861,0.1618042521653132
CL3,Ascore,1.45039,0.1623269121478582
CL3,Ascore,1.6110799999999998,0.1619907258015223
CL3,Ascore,1.81866,0.1601203320907592
CL3,Ascore,2.03972,0.1560605498075496
CL3,Ascore,2.23427,0.15045588031980398
CL3,Ascore,2.4626200000000003,0.14116609766768204
CL3,Ascore,2.75696,0.12468169293285804
CL3,Ascore,3.15735,0.09543700319937021
CL3,Ascore,3.4643599999999997,0.07085299877120131
CL3,Cscore,-3.4643599999999997,0.00011153484788726976
CL3,Cscore,-3.15735,0.0005075397202554
CL3,Cscore,-2.90161,0.0015501620268934975
CL3,Cscore,-2.72827,0.003059873448533139
CL3,Cscore,-2.57309,0.005334155466102098
CL3,Cscore,-2.4231700000000003,0.008702386805238826
CL3,Cscore,-2.30408,0.012422693192655924
CL3,Cscore,-2.18109,0.017411267654199793
CL3,Cscore,-2.04506,0.024434349972963194
CL3,Cscore,-1.92173,0.032235865719259287
CL3,Cscore,-1.7816900000000002,0.042722160484748806
CL3,Cscore,-1.6410099999999999,0.05484593969617615
CL3,Cscore,-1.5184,0.06649675305928451
CL3,Cscore,-1.3850200000000001,0.08002084683891891
CL3,Cscore,-1.25773,0.0934331111335005
CL3,Cscore,-1.13788,0.10621514763728496
CL3,Cscore,-1.0145,0.1192395298810326
CL3,Cscore,-0.89891,0.13107419554785293
CL3,Cscore,-0.78155,0.14250742527460497
CL3,Cscore,-0.65253,0.1541694960896167
CL3,Cscore,-0.52745,0.16436407163687428
CL3,Cscore,-0.40581,0.1730627279863374
CL3,Cscore,-0.27607,0.1808686491998492
CL3,Cscore,-0.14277,0.18716980151576443
CL3,Cscore,-0.00665,0.19168688582188997
CL3,Cscore,0.12330999999999999,0.1941031644092756
CL3,Cscore,0.25953000000000004,0.1945776501583214
CL3,Cscore,0.41594,0.19246441835510664
CL3,Cscore,0.5848899999999999,0.18696028219413885
CL3,Cscore,0.7583,0.1778732886366712
CL3,Cscore,0.9394899999999999,0.16482762450629185
CL3,Cscore,1.1340700000000001,0.14718723698089242
CL3,Cscore,1.3061200000000002,0.12904442349984718
CL3,Cscore,1.46191,0.11121585973756176
CL3,Cscore,1.6308799999999999,0.09125496842276837
CL3,Cscore,1.81175,0.07036812474226145
CL3,Cscore,2.04506,0.04626743224258948
CL3,Cscore,2.33337,0.023782308477860236
CL3,Cscore,2.63199,0.00991280306292008
CL3,Cscore,3.00537,0.002529617617091311
CL3,Cscore,3.4643599999999997,0.0003165944097642059
CL3,Impulsive,-2.55524,0.021342194269483496
CL3,Impulsive,-1.37983,0.12645655034904768
CL3,Impulsive,-0.71126,0.14380775565165077
CL3,Impulsive,-0.21711999999999998,0.14458739365943246
CL3,Impulsive,0.19268,0.16416529673700755
CL3,Impulsive,0.52975,0.1704437510716213
CL3,Impulsive,0.88113,0.15667976836250527
CL3,Impulsive,1.29221,0.12540250657155105
CL3,Impulsive,1.8620299999999999,0.07188956068408121
CL3,Impulsive,2.90161,0.010308060363641293
CL3,SS,-2.07848,0.25246800615013926
CL3,SS,-1.5485799999999998,0.21976828486704203
CL3,SS,-1.18084,0.19590200336195812
CL3,SS,-0.8463700000000001,0.17660953835123408
CL3,SS,-0.52593,0.13942260567574052
CL3,SS,-0.21575,0.07875700560501663
CL3,SS,0.07987000000000001,0.14526506479518633
CL3,SS,0.40148,0.14313586921600507
CL3,SS,0.7654,0.1462357435586798
CL3,SS,1.2247,0.1580454700713297
CL3,SS,1.92173,0.18722573815476837
CL4,Age,-0.9519700000000001,0.21549427924273146
CL4,Age,-0.07854,0.11384468378332431
CL4,Age,0.49788000000000004,0.13242120358356452
CL4,Age,1.09449,0.1506830301562661
CL4,Age,1.82213,0.11929302483433117
CL4,Age,2.59171,0.03712672747765286
CL4,Gender,-0.48246000000000006,6.773288941882871e-08
CL4,Gender,0.48246000000000006,0.16109297218300125
CL4,Education,-2.43591,0.30838354844090315
CL4,Education,-1.7379,0.22651609324583905
CL4,Education,-1.43719,0.19448257434007044
CL4,Education,-1.22751,0.17583062727489515
CL4,Education,-0.6111300000000001,0.14123544958348874
CL4,Education,-0.059210000000000006,0.13113982069978433
CL4,Education,0.45468000000000003,0.13069531142471583
CL4,Education,1.16365,0.13007091836761495
CL4,Education,1.98437,0.12059642149466532
CL4,Country,-0.57009,5.906411191746618e-08
CL4,Country,-0.46841000000000005,0.20493144857045012
CL4,Country,-0.28519,0.1949457185435024
CL4,Country,-0.09765,0.18478983557442846
CL4,Country,0.21128000000000002,0.16859843461153665
CL4,Country,0.24923,0.16667650244232055
CL4,Country,0.9608200000000001,0.13435089491455157
CL4,Ethnicity,-1.1070200000000001,1.8043875654409703e-14
CL4,Ethnicity,-0.50212,0.11976539371477501
CL4,Ethnicity,-0.31685,1.7853937033667477e-07
CL4,Ethnicity,-0.22166,0.21119219027889033
CL4,Ethnicity,0.1144,0.00021922580283040505
CL4,Ethnicity,0.126,0.00013678246751252065
CL4,Ethnicity,1.90725,5.883972447161224e-110
CL4,Nscore,-3.4643599999999997,0.04225209562638887
CL4,Nscore,-3.15735,0.054174422863242304
CL4,Nscore,-2.75696,0.0661859359598675
CL4,Nscore,-2.52197,0.07079727307461015
CL4,Nscore,-2.4231700000000003,0.07238233003421075
CL4,Nscore,-2.3436,0.07358792916693731
CL4,Nscore,-2.21844,0.07547249690697529
CL4,Nscore,-2.05048,0.07824283817845219
CL4,Nscore,-1.86962,0.08191839487880775
CL4,Nscore,-1.69163,0.08658713505280892
CL4,Nscore,-1.5507799999999998,0.09119246113632273
CL4,Nscore,-1.43907,0.09547453672550227
CL4,Nscore,-1.32828,0.10028542583135376
CL4,Nscore,-1.1943,0.10682990111089101
CL4,Nscore,-1.05308,0.11449336249539807
CL4,Nscore,-0.92104,0.12220101285933736
CL4,Nscore,-0.79151,0.13004370339624616
CL4,Nscore,-0.67825,0.13691508308955755
CL4,Nscore,-0.58016,0.14271406122916358
CL4,Nscore,-0.46725,0.14903741974006104
CL4,Nscore,-0.34799,0.15511931239036333
CL4,Nscore,-0.24649000000000001,0.15968902258695078
CL4,Nscore,-0.14882,0.1634902895600126
CL4,Nscore,-0.051879999999999996,0.16665290928904755
CL4,Nscore,0.04257,0.1691444251692963
CL4,Nscore,0.13606,0.1710518010866344
CL4,Nscore,0.22393000000000002,0.17236267230914198
CL4,Nscore,0.31287,0.17324538525273353
CL4,Nscore,0.41667,0.17375614430507955
CL4,Nscore,0.52135,0.17375674579221592
CL4,Nscore,0.62967,0.17326660440236707
CL4,Nscore,0.73545,0.1723498889697281
CL4,Nscore,0.82562,0.17125185333627072
CL4,Nscore,0.9109299999999999,0.16995898796219533
CL4,Nscore,1.02119,0.1679356463889714
CL4,Nscore,1.13281,0.16549172824806807
CL4,Nscore,1.23461,0.16291861908293365
CL4,Nscore,1.37297,0.15889310604078807
CL4,Nscore,1.49158,0.15495328656394242
CL4,Nscore,1.6038299999999999,0.15080610073203107
CL4,Nscore,1.72012,0.14608115988167483
CL4,Nscore,1.8399,0.1407657848750967
CL4,Nscore,1.98437,0.13377301239554942
CL4,Nscore,2.127,0.12629193773291653
CL4,Nscore,2.28554,0.11739153161825017
CL4,Nscore,2.4626200000000003,0.1068822594973103
CL4,Nscore,2.61139,0.09775216334532078
CL4,Nscore,2.82196,0.08468005608762476
CL4,Nscore,3.27393,0.05799164062870418
CL4,Escore,-3.27393,0.16381601339291105
CL4,Escore,-3.00537,0.1803278551872254
CL4,Escore,-2.72827,0.19231951916116755
CL4,Escore,-2.5383,0.19737599122703542
CL4,Escore,-2.44904,0.1988914498480404
CL4,Escore,-2.32338,0.20015480846258016
CL4,Escore,-2.21069,0.20049073004645468
CL4,Escore,-2.11437,0.20024092693019815
CL4,Escore,-2.03972,0.19974227427494706
CL4,Escore,-1.92173,0.1984776091755303
CL4,Escore,-1.7625,0.19600439548578694
CL4,Escore,-1.6334,0.1935032569360285
CL4,Escore,-1.50796,0.19077089859708202
CL4,Escore,-1.37639,0.18769544876333222
CL4,Escore,-1.23177,0.18418724238126694
CL4,Escore,-1.09207,0.1807773941680559
CL4,Escore,-0.9477899999999999,0.17732521767274825
CL4,Escore,-0.80615,0.1737043432889692
CL4,Escore,-0.69509,0.165017895915117
CL4,Escore,-0.57545,0.12460247078231988
CL4,Escore,-0.43998999999999994,0.07273106646612415
CL4,Escore,-0.30033000000000004,0.07167358245601467
CL4,Escore,-0.15487,0.12381206744865357
CL4,Escore,0.0033200000000000005,0.15848369246761845
CL4,Escore,0.16767,0.158958087540248
CL4,Escore,0.32197,0.15792840517635823
CL4,Escore,0.47617,0.15725174350912852
CL4,Escore,0.63779,0.15691147679568823
CL4,Escore,0.80523,0.15692459784769117
CL4,Escore,0.9624799999999999,0.15723671522113794
CL4,Escore,1.11406,0.1577689581930261
CL4,Escore,1.2861,0.15858446139847304
CL4,Escore,1.45421,0.15951786986034172
CL4,Escore,1.58487,0.1602744332209663
CL4,Escore,1.74091,0.1611335003887175
CL4,Escore,1.9388599999999998,0.16199963788218275
CL4,Escore,2.127,0.16238891850961212
CL4,Escore,2.32338,0.16209414308315656
CL4,Escore,2.57309,0.16025891440412687
CL4,Escore,2.8595,0.1554861722369864
CL4,Escore,3.00537,0.1517513607246827
CL4,Escore,3.27393,0.14236197174901682
CL4,Oscore,-3.27393,0.15163943836752866
CL4,Oscore,-2.8595,0.16572717856629726
CL4,Oscore,-2.63199,0.169131545343954
CL4,Oscore,-2.39883,0.16840944061517546
CL4,Oscore,-2.21069,0.1645283705453027
CL4,Oscore,-2.09015,0.16062760735875894
CL4,Oscore,-1.97495,0.15606001531937316
CL4,Oscore,-1.82919,0.14944975295241775
CL4,Oscore,-1.68062,0.14224339429002
CL4,Oscore,-1.55521,0.1361849833628634
CL4,Oscore,-1.42424,0.13021304728412808
CL4,Oscore,-1.2755299999999998,0.1242019298763346
CL4,Oscore,-1.1190200000000001,0.11905719672831651
CL4,Oscore,-0.97631,0.11560258023449924
CL4,Oscore,-0.8473200000000001,0.11358029690462619
CL4,Oscore,-0.71727,0.11264250860485553
CL4,Oscore,-0.58331,0.11285622138601722
CL4,Oscore,-0.45174,0.1142414826303608
CL4,Oscore,-0.31776,0.11684771100654852
CL4,Oscore,-0.17779,0.12084201068078189
CL4,Oscore,-0.019280000000000002,0.12688085138117372
CL4,Oscore,0.14143,0.13453020970086604
CL4,Oscore,0.29338000000000003,0.14299407914959242
CL4,Oscore,0.44585,0.15243270204416323
CL4,Oscore,0.58331,0.16148280627821457
CL4,Oscore,0.7233,0.17092851616420585
CL4,Oscore,0.8830899999999999,0.18160307135859924
CL4,Oscore,1.0623799999999999,0.19294313596833768
CL4,Oscore,1.24033,0.20308231832104998
CL4,Oscore,1.43533,0.21256601637605801
CL4,Oscore,1.6565299999999998,0.22106283912047378
CL4,Oscore,1.8851099999999998,0.2273136479472154
CL4,Oscore,2.1532400000000003,0.23153085730316092
CL4,Oscore,2.44904,0.23253957515739965
CL4,Oscore,2.90161,0.22726062734707056
CL4,Ascore,-3.4643599999999997,0.07740763146109277
CL4,Ascore,-3.15735,0.10508823285520297
CL4,Ascore,-3.00537,0.11822008686962117
CL4,Ascore,-2.90161,0.12647943530506117
CL4,Ascore,-2.78793,0.13460374687907523
CL4,Ascore,-2.70172,0.13999820138769903
CL4,Ascore,-2.5383,0.1481842305905234
CL4,Ascore,-2.35413,0.15408085354015486
CL4,Ascore,-2.21844,0.15628779683021962
CL4,Ascore,-2.07848,0.1569226738548372
CL4,Ascore,-1.92595,0.15609426964954148
CL4,Ascore,-1.772,0.15410207281829477
CL4,Ascore,-1.6209,0.15145192525122342
CL4,Ascore,-1.47955,0.14868345911223765
CL4,Ascore,-1.34289,0.14598315144216395
CL4,Ascore,-1.21213,0.14354344308848396
CL4,Ascore,-1.07533,0.1412694797111833
CL4,Ascore,-0.91699,0.13911144751858043
CL4,Ascore,-0.7609600000000001,0.13756297840130577
CL4,Ascore,-0.60633,0.13663259662531085
CL4,Ascore,-0.45321000000000006,0.1363058339529149
CL4,Ascore,-0.30172,0.13653947920715295
CL4,Ascore,-0.15487,0.13725071236396524
CL4,Ascore,-0.01729,0.13829779814011425
CL4,Ascore,0.13136,0.1397741159426526
CL4,Ascore,0.28783000000000003,0.14162463758409277
CL4,Ascore,0.43851999999999997,0.14359592072261465
CL4,Ascore,0.59042,0.14566811870430324
CL4,Ascore,0.7609600000000001,0.147969220494625
CL4,Ascore,0.9415600000000001,0.15022553084991502
CL4,Ascore,1.11406,0.15206370556535612
CL4,Ascore,1.2861,0.1534552503627628
CL4,Ascore,1.45039,0.15425351477401852
CL4,Ascore,1.6110799999999998,0.1544182228975455
CL4,Ascore,1.81866,0.1535296703265354
CL4,Ascore,2.03972,0.15090462401958904
CL4,Ascore,2.23427,0.14684635576766075
CL4,Ascore,2.4626200000000003,0.13960837220164704
CL4,Ascore,2.75696,0.12587130736913044
CL4,Ascore,3.15735,0.09973053916687308
CL4,Ascore,3.4643599999999997,0.07641260364055011
CL4,Cscore,-3.4643599999999997,0.004370957324329914
CL4,Cscore,-3.15735,0.010956756420236614
CL4,Cscore,-2.90161,0.021154449867874448
CL4,Cscore,-2.72827,0.031207424050547078
CL4,Cscore,-2.57309,0.04248661718615193
CL4,Cscore,-2.4231700000000003,0.05525191434914469
CL4,Cscore,-2.30408,0.06643182831876289
CL4,Cscore,-2.18109,0.07859936228185013
CL4,Cscore,-2.04506,0.09231284303702417
CL4,Cscore,-1.92173,0.10451170318672329
CL4,Cscore,-1.7816900000000002,0.11756438979981514
CL4,Cscore,-1.6410099999999999,0.1293517645645996
CL4,Cscore,-1.5184,0.13827539983506124
CL4,Cscore,-1.3850200000000001,0.14641333735700848
CL4,Cscore,-1.25773,0.15263623306765522
CL4,Cscore,-1.13788,0.15718095021366116
CL4,Cscore,-1.0145,0.16064627238272158
CL4,Cscore,-0.89891,0.16291060434937374
CL4,Cscore,-0.78155,0.16438179981787693
CL4,Cscore,-0.65253,0.16520662949281992
CL4,Cscore,-0.52745,0.16537666157721215
CL4,Cscore,-0.40581,0.16508476708107958
CL4,Cscore,-0.27607,0.16440102834782103
CL4,Cscore,-0.14277,0.16340483522914984
CL4,Cscore,-0.00665,0.1621620025032832
CL4,Cscore,0.12330999999999999,0.16080717407136927
CL4,Cscore,0.25953000000000004,0.15922339887402703
CL4,Cscore,0.41594,0.15716858092404407
CL4,Cscore,0.5848899999999999,0.1545626327735051
CL4,Cscore,0.7583,0.15127331257128393
CL4,Cscore,0.9394899999999999,0.14686072473395098
CL4,Cscore,1.1340700000000001,0.14055892679640195
CL4,Cscore,1.3061200000000002,0.13322783556886184
CL4,Cscore,1.46191,0.12489715947450852
CL4,Cscore,1.6308799999999999,0.11391020530561836
CL4,Cscore,1.81175,0.1000231432446401
CL4,Cscore,2.04506,0.07977546381374002
CL4,Cscore,2.33337,0.05416931288641291
CL4,Cscore,2.63199,0.03155337885480069
CL4,Cscore,3.00537,0.013075187091060734
CL4,Cscore,3.4643599999999997,0.0032852916926578725
CL4,Impulsive,-2.55524,0.34540359240628093
CL4,Impulsive,-1.37983,0.22153718114030665
CL4,Impulsive,-0.71126,0.1272533470469304
CL4,Impulsive,-0.21711999999999998,0.10127638135961613
CL4,Impulsive,0.19268,0.11281744500662556
CL4,Impulsive,0.52975,0.12985099822957472
CL4,Impulsive,0.88113,0.14897488156620692
CL4,Impulsive,1.29221,0.17914882953152694
CL4,Impulsive,1.8620299999999999,0.23506076217328606
CL4,Impulsive,2.90161,0.336178380212185
CL4,SS,-2.07848,0.12967443875464
CL4,SS,-1.5485799999999998,0.15061528195244445
CL4,SS,-1.18084,0.15835778777028492
CL4,SS,-0.8463700000000001,0.16180406058609328
CL4,SS,-0.52593,0.14083828892393108
CL4,SS,-0.21575,0.08564599247993691
CL4,SS,0.07987000000000001,0.1662814893289773
CL4,SS,0.40148,0.16962726925996185
CL4,SS,0.7654,0.17552448222356049
CL4,SS,1.2247,0.1851872239848696
CL4,SS,1.92173,0.19415306365768195
CL5,Age,-0.9519700000000001,0.16564693213187465
CL5,Age,-0.07854,0.14245175637123517
CL5,Age,0.49788000000000004,0.16970579566092764
CL5,Age,1.09449,0.154277522007952
CL5,Age,1.82213,0.0659017195351667
CL5,Age,2.59171,0.00708508063905353
CL5,Gender,-0.48246000000000006,5.933653917182467e-08
CL5,Gender,0.48246000000000006,0.18776295758752534
CL5,Education,-2.43591,0.1943501366762383
CL5,Education,-1.7379,0.16706689893924365
CL5,Education,-1.43719,0.15282688132628344
CL5,Education,-1.22751,0.14418918409570053
CL5,Education,-0.6111300000000001,0.13031883118351947
CL5,Education,-0.059210000000000006,0.13322822835736156
CL5,Education,0.45468000000000003,0.1440730119591494
CL5,Education,1.16365,0.15847215087043606
CL5,Education,1.98437,0.1619875469901239
CL5,Country,-0.57009,3.7877805815526714e-08
CL5,Country,-0.46841000000000005,0.13955487912597653
CL5,Country,-0.28519,0.1475137002702744
CL5,Country,-0.09765,0.15518697844230478
CL5,Country,0.21128000000000002,0.16674305682717783
CL5,Country,0.24923,0.16806955628856937
CL5,Country,0.9608200000000001,0.18942940801160163
CL5,Ethnicity,-1.1070200000000001,7.528138400516643e-18
CL5,Ethnicity,-0.50212,0.08509937926086335
CL5,Ethnicity,-0.31685,1.9809158936385072e-07
CL5,Ethnicity,-0.22166,0.21089303868287468
CL5,Ethnicity,0.1144,2.458235175327118e-05
CL5,Ethnicity,0.126,1.3522304218923702e-05
CL5,Ethnicity,1.90725,9.914079169311231e-137
CL5,Nscore,-3.4643599999999997,0.028701631923067118
CL5,Nscore,-3.15735,0.040590712408762254
CL5,Nscore,-2.75696,0.05538126680662376
CL5,Nscore,-2.52197,0.06262963416738106
CL5,Nscore,-2.4231700000000003,0.06541484791393996
CL5,Nscore,-2.3436,0.06759984965272435
CL5,Nscore,-2.21844,0.07102393844167915
CL5,Nscore,-2.05048,0.07582394480137278
CL5,Nscore,-1.86962,0.08161769071367665
CL5,Nscore,-1.69163,0.08830834486272737
CL5,Nscore,-1.5507799999999998,0.09447945332500426
CL5,Nscore,-1.43907,0.0999839037056627
CL5,Nscore,-1.32828,0.10598592489970192
CL5,Nscore,-1.1943,0.11392693293852008
CL5,Nscore,-1.05308,0.12297362223328748
CL5,Nscore,-0.92104,0.13183789714342545
CL5,Nscore,-0.79151,0.1406201864674375
CL5,Nscore,-0.67825,0.1480962175553611
CL5,Nscore,-0.58016,0.15421354899623382
CL5,Nscore,-0.46725,0.16062472486777624
CL5,Nscore,-0.34799,0.16643371317773506
CL5,Nscore,-0.24649000000000001,0.17045118776116366
CL5,Nscore,-0.14882,0.1734332088961937
CL5,Nscore,-0.051879999999999996,0.17550323928458378
CL5,Nscore,0.04257,0.17666919741992476
CL5,Nscore,0.13606,0.17702275373083878
CL5,Nscore,0.22393000000000002,0.1766681378076043
CL5,Nscore,0.31287,0.17567890835710043
CL5,Nscore,0.41667,0.17379171130540974
CL5,Nscore,0.52135,0.1711703355396438
CL5,Nscore,0.62967,0.16778546914190282
CL5,Nscore,0.73545,0.16389790303248097
CL5,Nscore,0.82562,0.1601811786505275
CL5,Nscore,0.9109299999999999,0.15635867374904114
CL5,Nscore,1.02119,0.15102250222551383
CL5,Nscore,1.13281,0.145215581026246
CL5,Nscore,1.23461,0.13960597447792447
CL5,Nscore,1.37297,0.13156717292019818
CL5,Nscore,1.49158,0.12435540561326415
CL5,Nscore,1.6038299999999999,0.11731153645563078
CL5,Nscore,1.72012,0.10984424792220236
CL5,Nscore,1.8399,0.10203392498953374
CL5,Nscore,1.98437,0.09255008179859699
CL5,Nscore,2.127,0.08323571722734815
CL5,Nscore,2.28554,0.07309230983150528
CL5,Nscore,2.4626200000000003,0.062225296050380866
CL5,Nscore,2.61139,0.053627122714769146
CL5,Nscore,2.82196,0.04251066948775165
CL5,Nscore,3.27393,0.02362465446859422
CL5,Escore,-3.27393,0.06491109132480487
CL5,Escore,-3.00537,0.0817676499691446
CL5,Escore,-2.72827,0.09923204874402307
CL5,Escore,-2.5383,0.11062713777413449
CL5,Escore,-2.44904,0.1157069932873567
CL5,Escore,-2.32338,0.12249341290685445
CL5,Escore,-2.21069,0.12817632889757785
CL5,Escore,-2.11437,0.1327102128292213
CL5,Escore,-2.03972,0.13601211008321248
CL5,Escore,-1.92173,0.1408487037414393
CL5,Escore,-1.7625,0.14663963222664725
CL5,Escore,-1.6334,0.15073560437391645
CL5,Escore,-1.50796,0.1542320412733305
CL5,Escore,-1.37639,0.1574258747681226
CL5,Escore,-1.23177,0.1604304183880698
CL5,Escore,-1.09207,0.1628869333804618
CL5,Escore,-0.9477899999999999,0.16502226757568506
CL5,Escore,-0.80615,0.16641865676782294
CL5,Escore,-0.69509,0.16144236179800694
CL5,Escore,-0.57545,0.12445846331629135
CL5,Escore,-0.43998999999999994,0.07420548525461175
CL5,Escore,-0.30033000000000004,0.07455631641645802
CL5,Escore,-0.15487,0.13105846839631913
CL5,Escore,0.0033200000000000005,0.17043465008205674
CL5,Escore,0.16767,0.17317463604330316
CL5,Escore,0.32197,0.17359815831066444
CL5,Escore,0.47617,0.17386235964774974
CL5,Escore,0.63779,0.17396311275528484
CL5,Escore,0.80523,0.17384365807476215
CL5,Escore,0.9624799999999999,0.17348131890971205
CL5,Escore,1.11406,0.17285469197478495
CL5,Escore,1.2861,0.17174515658319592
CL5,Escore,1.45421,0.1701700636151025
CL5,Escore,1.58487,0.16855237339450932
CL5,Escore,1.74091,0.16610152690202176
CL5,Escore,1.9388599999999998,0.16206539841079134
CL5,Escore,2.127,0.15714342222248565
CL5,Escore,2.32338,0.15076024067757907
CL5,Escore,2.57309,0.14069250268430888
CL5,Escore,2.8595,0.12647653221081082
CL5,Escore,3.00537,0.11824437757602747
CL5,Escore,3.27393,0.10174121407078922
CL5,Oscore,-3.27393,0.1773624941234688
CL5,Oscore,-2.8595,0.19549444729892682
CL5,Oscore,-2.63199,0.19982325024224676
CL5,Oscore,-2.39883,0.198836383804142
CL5,Oscore,-2.21069,0.1938225676267234
CL5,Oscore,-2.09015,0.18880874068293663
CL5,Oscore,-1.97495,0.1829465836966837
CL5,Oscore,-1.82919,0.1744608517955929
CL5,Oscore,-1.68062,0.16518357542886186
CL5,Oscore,-1.55521,0.15733774936229672
CL5,Oscore,-1.42424,0.14952674994611093
CL5,Oscore,-1.2755299999999998,0.14151834004066402
CL5,Oscore,-1.1190200000000001,0.13441341707543408
CL5,Oscore,-0.97631,0.12930524073960997
CL5,Oscore,-0.8473200000000001,0.12588633235491786
CL5,Oscore,-0.71727,0.123612346155435
CL5,Oscore,-0.58331,0.12249359705759781
CL5,Oscore,-0.45174,0.12257540012734583
CL5,Oscore,-0.31776,0.1238145748720481
CL5,Oscore,-0.17779,0.12628321319787544
CL5,Oscore,-0.019280000000000002,0.13039654379774365
CL5,Oscore,0.14143,0.13578717148421524
CL5,Oscore,0.29338000000000003,0.1417473835070895
CL5,Oscore,0.44585,0.14824455377088552
CL5,Oscore,0.58331,0.1542339746243243
CL5,Oscore,0.7233,0.16014713700100736
CL5,Oscore,0.8830899999999999,0.16628631937920463
CL5,Oscore,1.0623799999999999,0.17195482972731865
CL5,Oscore,1.24033,0.17595879625972197
CL5,Oscore,1.43533,0.1782966330963979
CL5,Oscore,1.6565299999999998,0.17837509858843228
CL5,Oscore,1.8851099999999998,0.17583462958688378
CL5,Oscore,2.1532400000000003,0.16996047798284503
CL5,Oscore,2.44904,0.16055083480983276
CL5,Oscore,2.90161,0.14183586335411935
CL5,Ascore,-3.4643599999999997,0.023407128986100353
CL5,Ascore,-3.15735,0.038794260770072427
CL5,Ascore,-3.00537,0.047875777833736026
CL5,Ascore,-2.90161,0.05443483830559803
CL5,Ascore,-2.78793,0.06179068392083229
CL5,Ascore,-2.70172,0.06738546365963154
CL5,Ascore,-2.5383,0.07774712330123892
CL5,Ascore,-2.35413,0.08858520558877023
CL5,Ascore,-2.21844,0.0957502962246596
CL5,Ascore,-2.07848,0.102302934600265
CL5,Ascore,-1.92595,0.10846374201860472
CL5,Ascore,-1.772,0.1137219990134616
CL5,Ascore,-1.6209,0.11808439780856214
CL5,Ascore,-1.47955,0.12159933362356516
CL5,Ascore,-1.34289,0.12461557931852381
CL5,Ascore,-1.21213,0.12726414926303256
CL5,Ascore,-1.07533,0.1298902104560426
CL5,Ascore,-0.91699,0.13285795991331412
CL5,Ascore,-0.7609600000000001,0.13579872694658868
CL5,Ascore,-0.60633,0.13878463251018738
CL5,Ascore,-0.45321000000000006,0.14182769115800167
CL5,Ascore,-0.30172,0.1449032836473073
CL5,Ascore,-0.15487,0.1478973444310859
CL5,Ascore,-0.01729,0.15064805052983266
CL5,Ascore,0.13136,0.15346856149519522
CL5,Ascore,0.28783000000000003,0.15614241588445402
CL5,Ascore,0.43851999999999997,0.15829503848505191
CL5,Ascore,0.59042,0.15990593362448785
CL5,Ascore,0.7609600000000001,0.1608819919929829
CL5,Ascore,0.9415600000000001,0.16077966392984147
CL5,Ascore,1.11406,0.15945156438924266
CL5,Ascore,1.2861,0.15683563624198013
CL5,Ascore,1.45039,0.15308565983256556
CL5,Ascore,1.6110799999999998,0.14821960494637873
CL5,Ascore,1.81866,0.1401967657811722
CL5,Ascore,2.03972,0.12957934190208525
CL5,Ascore,2.23427,0.11859804502000322
CL5,Ascore,2.4626200000000003,0.1040323026982515
CL5,Ascore,2.75696,0.08340776195642462
CL5,Ascore,3.15735,0.05496238687948935
CL5,Ascore,3.4643599999999997,0.03586533561342745
CL5,Cscore,-3.4643599999999997,0.0007505622153006121
CL5,Cscore,-3.15735,0.0025456089751441954
CL5,Cscore,-2.90161,0.006194975583604658
CL5,Cscore,-2.72827,0.010579439149838166
CL5,Cscore,-2.57309,0.016301633252851458
CL5,Cscore,-2.4231700000000003,0.02373923686059104
CL5,Cscore,-2.30408,0.031085786465512338
CL5,Cscore,-2.18109,0.03999954050706425
CL5,Cscore,-2.04506,0.05129177097895619
CL5,Cscore,-1.92173,0.0625997467045406
CL5,Cscore,-1.7816900000000002,0.07628846009556116
CL5,Cscore,-1.6410099999999999,0.09046128097503092
CL5,Cscore,-1.5184,0.10275032515200931
CL5,Cscore,-1.3850200000000001,0.11565991170330663
CL5,Cscore,-1.25773,0.1272247912575093
CL5,Cscore,-1.13788,0.1372280935255043
CL5,Cscore,-1.0145,0.1464843978781062
CL5,Cscore,-0.89891,0.15411971368630095
CL5,Cscore,-0.78155,0.16081085475702356
CL5,Cscore,-0.65253,0.16692991708022223
CL5,Cscore,-0.52745,0.17165001463797572
CL5,Cscore,-0.40581,0.1751355942056095
CL5,Cscore,-0.27607,0.17770427049733947
CL5,Cscore,-0.14277,0.1791646275102367
CL5,Cscore,-0.00665,0.17947655439076715
CL5,Cscore,0.12330999999999999,0.17870056200168447
CL5,Cscore,0.25953000000000004,0.17678515167201628
CL5,Cscore,0.41594,0.17320227657298906
CL5,Cscore,0.5848899999999999,0.16764957972999955
CL5,Cscore,0.7583,0.1600810491084147
CL5,Cscore,0.9394899999999999,0.15008365101518517
CL5,Cscore,1.1340700000000001,0.13693774393360345
CL5,Cscore,1.3061200000000002,0.12331736815945486
CL5,Cscore,1.46191,0.10957436525865112
CL5,Cscore,1.6308799999999999,0.09356315577446794
CL5,Cscore,1.81175,0.07587953662241775
CL5,Cscore,2.04506,0.053880163657001316
CL5,Cscore,2.33337,0.031024841903609355
CL5,Cscore,2.63199,0.014861645078803937
CL5,Cscore,3.00537,0.004654252559206918
CL5,Cscore,3.4643599999999997,0.000785221891441774
CL5,Impulsive,-2.55524,0.18729012229891814
CL5,Impulsive,-1.37983,0.20594272100699712
CL5,Impulsive,-0.71126,0.13836371292812716
CL5,Impulsive,-0.21711999999999998,0.1152965231673208
CL5,Impulsive,0.19268,0.12754686178611754
CL5,Impulsive,0.52975,0.1415675946491496
CL5,Impulsive,0.88113,0.15184873079033656
CL5,Impulsive,1.29221,0.16247026174627754
CL5,Impulsive,1.8620299999999999,0.16939094416361486
CL5,Impulsive,2.90161,0.1299429937507389
CL5,SS,-2.07848,0.11704411875884084
CL5,SS,-1.5485799999999998,0.15957848494212104
CL5,SS,-1.18084,0.17992877660286438
CL5,SS,-0.8463700000000001,0.1902335328238632
CL5,SS,-0.52593,0.16665543821782108
CL5,SS,-0.21575,0.09951289387165592
CL5,SS,0.07987000000000001,0.185661723177245
CL5,SS,0.40148,0.17691482762670374
CL5,SS,0.7654,0.16426056810811726
CL5,SS,1.2247,0.1441562297545153
CL5,SS,1.92173,0.10331573858411691
CL6,Age,-0.9519700000000001,0.15034449343971157
CL6,Age,-0.07854,0.13260085360505694
CL6,Age,0.49788000000000004,0.17398645457257006
CL6,Age,1.09449,0.18689034353983527
CL6,Age,1.82213,0.10729205780268623
CL6,Age,2.59171,0.017605193589501095
CL6,Gender,-0.48246000000000006,5.430619058963292e-08
CL6,Gender,0.48246000000000006,0.2039382745832646
CL6,Education,-2.43591,0.16078844249315832
CL6,Education,-1.7379,0.14856391781740486
CL6,Education,-1.43719,0.13967314712498974
CL6,Education,-1.22751,0.13414068717551839
CL6,Education,-0.6111300000000001,0.1269322278481882
CL6,Education,-0.059210000000000006,0.13413473701348363
CL6,Education,0.45468000000000003,0.1485826843481256
CL6,Education,1.16365,0.16713780755647933
CL6,Education,1.98437,0.17262945691088402
CL6,Country,-0.57009,3.4392443625449896e-08
CL6,Country,-0.46841000000000005,0.12825374028031852
CL6,Country,-0.28519,0.13843971964109966
CL6,Country,-0.09765,0.1486394388878602
CL6,Country,0.21128000000000002,0.16476854052322726
CL6,Country,0.24923,0.16668300536363814
CL6,Country,0.9608200000000001,0.19943864465699565
CL6,Ethnicity,-1.1070200000000001,0.009414546940571212
CL6,Ethnicity,-0.50212,0.2709947410286431
CL6,Ethnicity,-0.31685,7.929946765450399e-08
CL6,Ethnicity,-0.22166,0.1302069890914838
CL6,Ethnicity,0.1144,0.23931228055173473
CL6,Ethnicity,0.126,0.23047034096806027
CL6,Ethnicity,1.90725,2.7395986844274096e-17
CL6,Nscore,-3.4643599999999997,0.013879409995873665
CL6,Nscore,-3.15735,0.021249726352986237
CL6,Nscore,-2.75696,0.03202536916704443
CL6,Nscore,-2.52197,0.03831342285772625
CL6,Nscore,-2.4231700000000003,0.040956271735538334
CL6,Nscore,-2.3436,0.043113677753192546
CL6,Nscore,-2.21844,0.04661654449257109
CL6,Nscore,-2.05048,0.05168543665057755
CL6,Nscore,-1.86962,0.05789575612820341
CL6,Nscore,-1.69163,0.06508755199069113
CL6,Nscore,-1.5507799999999998,0.07173327098480488
CL6,Nscore,-1.43907,0.07768925670592207
CL6,Nscore,-1.32828,0.08423498988196992
CL6,Nscore,-1.1943,0.0930115477131368
CL6,Nscore,-1.05308,0.10322390103012107
CL6,Nscore,-0.92104,0.11351701699254589
CL6,Nscore,-0.79151,0.12408022422512385
CL6,Nscore,-0.67825,0.13345302552108732
CL6,Nscore,-0.58016,0.1414771824735187
CL6,Nscore,-0.46725,0.15037813935662042
CL6,Nscore,-0.34799,0.15912827925804346
CL6,Nscore,-0.24649000000000001,0.16586014391583548
CL6,Nscore,-0.14882,0.17159419422623468
CL6,Nscore,-0.051879999999999996,0.17648747523096986
CL6,Nscore,0.04257,0.1804494986635534
CL6,Nscore,0.13606,0.18357491411733615
CL6,Nscore,0.22393000000000002,0.185796649160168
CL6,Nscore,0.31287,0.18735802948568217
CL6,Nscore,0.41667,0.18834174069162904
CL6,Nscore,0.52135,0.18846723472854782
CL6,Nscore,0.62967,0.18773679690484946
CL6,Nscore,0.73545,0.18623152321055672
CL6,Nscore,0.82562,0.18436608323262493
CL6,Nscore,0.9109299999999999,0.18213274866181667
CL6,Nscore,1.02119,0.17860416660558115
CL6,Nscore,1.13281,0.17433159040829144
CL6,Nscore,1.23461,0.16985306748144954
CL6,Nscore,1.37297,0.16293135826298913
CL6,Nscore,1.49158,0.15628775904028575
CL6,Nscore,1.6038299999999999,0.14945197750529673
CL6,Nscore,1.72012,0.1418691742033949
CL6,Nscore,1.8399,0.13360108136573431
CL6,Nscore,1.98437,0.1231373442272874
CL6,Nscore,2.127,0.11244244879553808
CL6,Nscore,2.28554,0.10035606754648811
CL6,Nscore,2.4626200000000003,0.08692603368372688
CL6,Nscore,2.61139,0.07595909746326582
CL6,Nscore,2.82196,0.06133925386089519
CL6,Nscore,3.27393,0.03532117621932994
CL6,Escore,-3.27393,0.12674344597498957
CL6,Escore,-3.00537,0.1423014430964759
CL6,Escore,-2.72827,0.1549284409395237
CL6,Escore,-2.5383,0.16129129400351228
CL6,Escore,-2.44904,0.16363204038041154
CL6,Escore,-2.32338,0.16625353851890112
CL6,Escore,-2.21069,0.16797434119676308
CL6,Escore,-2.11437,0.16901149400586618
CL6,Escore,-2.03972,0.16956423929941145
CL6,Escore,-1.92173,0.1700377492359692
CL6,Escore,-1.7625,0.17001572898616035
CL6,Escore,-1.6334,0.16955421968975562
CL6,Escore,-1.50796,0.16882171595351317
CL6,Escore,-1.37639,0.16784197881529203
CL6,Escore,-1.23177,0.16661566118781568
CL6,Escore,-1.09207,0.16537452784396192
CL6,Escore,-0.9477899999999999,0.16411676852420012
CL6,Escore,-0.80615,0.1626253829036833
CL6,Escore,-0.69509,0.15589998780048553
CL6,Escore,-0.57545,0.11887856610094177
CL6,Escore,-0.43998999999999994,0.07016938854655425
CL6,Escore,-0.30033000000000004,0.06995461099242291
CL6,Escore,-0.15487,0.12231763755935969
CL6,Escore,0.0033200000000000005,0.1586631255608541
CL6,Escore,0.16767,0.16136259302036898
CL6,Escore,0.32197,0.16243394779894915
CL6,Escore,0.47617,0.16388516131144182
CL6,Escore,0.63779,0.16582104238232878
CL6,Escore,0.80523,0.16825763513329325
CL6,Escore,0.9624799999999999,0.17091916718394493
CL6,Escore,1.11406,0.17379256580240446
CL6,Escore,1.2861,0.17736309538925618
CL6,Escore,1.45421,0.18109081120616752
CL6,Escore,1.58487,0.18408565025561846
CL6,Escore,1.74091,0.18768415026230006
CL6,Escore,1.9388599999999998,0.19210029878355286
CL6,Escore,2.127,0.19588937438603943
CL6,Escore,2.32338,0.1990873755032522
CL6,Escore,2.57309,0.2014311345628906
CL6,Escore,2.8595,0.20072938006189414
CL6,Escore,3.00537,0.1986157134232139
CL6,Escore,3.27393,0.19113189381468818
CL6,Oscore,-3.27393,0.48719867490082086
CL6,Oscore,-2.8595,0.4096658381362065
CL6,Oscore,-2.63199,0.36663337067969176
CL6,Oscore,-2.39883,0.3220744199819593
CL6,Oscore,-2.21069,0.2863467644388553
CL6,Oscore,-2.09015,0.264020650687252
CL6,Oscore,-1.97495,0.24344114664709637
CL6,Oscore,-1.82919,0.218918520528116
CL6,Oscore,-1.68062,0.1961631313128941
CL6,Oscore,-1.55521,0.17901331091191383
CL6,Oscore,-1.42424,0.16327398155267178
CL6,Oscore,-1.2755299999999998,0.14814287930585646
CL6,Oscore,-1.1190200000000001,0.1352852537008668
CL6,Oscore,-0.97631,0.12614281556643867
CL6,Oscore,-0.8473200000000001,0.1198406824892108
CL6,Oscore,-0.71727,0.11522668704552642
CL6,Oscore,-0.58331,0.11216243593336514
CL6,Oscore,-0.45174,0.11070069959990166
CL6,Oscore,-0.31776,0.11068377252309201
CL6,Oscore,-0.17779,0.11215423602925022
CL6,Oscore,-0.019280000000000002,0.11553868305587658
CL6,Oscore,0.14143,0.12069619055194167
CL6,Oscore,0.29338000000000003,0.12701866301173567
CL6,Oscore,0.44585,0.13459498882507714
CL6,Oscore,0.58331,0.14230771272203122
CL6,Oscore,0.7233,0.1508373073906462
CL6,Oscore,0.8830899999999999,0.16117191103421177
CL6,Oscore,1.0623799999999999,0.17324014071789254
CL6,Oscore,1.24033,0.18547703779923314
CL6,Oscore,1.43533,0.19904278923212826
CL6,Oscore,1.6565299999999998,0.214639953050598
CL6,Oscore,1.8851099999999998,0.2311759378097718
CL6,Oscore,2.1532400000000003,0.2514916793593382
CL6,Oscore,2.44904,0.2755592188887488
CL6,Oscore,2.90161,0.31679621587979695
CL6,Ascore,-3.4643599999999997,0.015493713268854391
CL6,Ascore,-3.15735,0.02757322863389741
CL6,Ascore,-3.00537,0.03516704069337683
CL6,Ascore,-2.90161,0.04085810185640049
CL6,Ascore,-2.78793,0.04745117882137185
CL6,Ascore,-2.70172,0.05262201057368124
CL6,Ascore,-2.5383,0.06258837824422415
CL6,Ascore,-2.35413,0.07364366007028263
CL6,Ascore,-2.21844,0.08139149391997155
CL6,Ascore,-2.07848,0.08886712541567089
CL6,Ascore,-1.92595,0.09632872215765319
CL6,Ascore,-1.772,0.10312049978473055
CL6,Ascore,-1.6209,0.10911700920828567
CL6,Ascore,-1.47955,0.1142107776337772
CL6,Ascore,-1.34289,0.11875260292231096
CL6,Ascore,-1.21213,0.12282795739227663
CL6,Ascore,-1.07533,0.126886856761434
CL6,Ascore,-0.91699,0.13141091140598593
CL6,Ascore,-0.7609600000000001,0.13575601083877878
CL6,Ascore,-0.60633,0.13998842339784592
CL6,Ascore,-0.45321000000000006,0.1441065233916714
CL6,Ascore,-0.30172,0.14807285156607813
CL6,Ascore,-0.15487,0.15174921930774343
CL6,Ascore,-0.01729,0.15496162716527628
CL6,Ascore,0.13136,0.1580705396926684
CL6,Ascore,0.28783000000000003,0.16079289244378456
CL6,Ascore,0.43851999999999997,0.16272914389621201
CL6,Ascore,0.59042,0.16385051690672975
CL6,Ascore,0.7609600000000001,0.16395007014423174
CL6,Ascore,0.9415600000000001,0.1625563983825866
CL6,Ascore,1.11406,0.15967930210227413
CL6,Ascore,1.2861,0.15526382577734066
CL6,Ascore,1.45039,0.14962226723819103
CL6,Ascore,1.6110799999999998,0.14281526299850075
CL6,Ascore,1.81866,0.1322842041660724
CL6,Ascore,2.03972,0.11919375022090895
CL6,Ascore,2.23427,0.10639121980904652
CL6,Ascore,2.4626200000000003,0.09032888188951331
CL6,Ascore,2.75696,0.06908568665638078
CL6,Ascore,3.15735,0.042305137207520216
CL6,Ascore,3.4643599999999997,0.025909244635276576
CL6,Cscore,-3.4643599999999997,0.003844409874760811
CL6,Cscore,-3.15735,0.009700033421668666
CL6,Cscore,-2.90161,0.018842950036960637
CL6,Cscore,-2.72827,0.027922613686571472
CL6,Cscore,-2.57309,0.038176863800306195
CL6,Cscore,-2.4231700000000003,0.049862655732565174
CL6,Cscore,-2.30408,0.060167589097253664
CL6,Cscore,-2.18109,0.07146199779273261
CL6,Cscore,-2.04506,0.08430172335108667
CL6,Cscore,-1.92173,0.09583920742449514
CL6,Cscore,-1.7816900000000002,0.10833710870090905
CL6,Cscore,-1.6410099999999999,0.11980825272154047
CL6,Cscore,-1.5184,0.12866292940039437
CL6,Cscore,-1.3850200000000001,0.13693916561570144
CL6,Cscore,-1.25773,0.14348558267939537
CL6,Cscore,-1.13788,0.14848595624108402
CL6,Cscore,-1.0145,0.15255087019862493
CL6,Cscore,-0.89891,0.15547671632327206
CL6,Cscore,-0.78155,0.1576995275685631
CL6,Cscore,-0.65253,0.1594240504029709
CL6,Cscore,-0.52745,0.16052285356940402
CL6,Cscore,-0.40581,0.16117475827966285
CL6,Cscore,-0.27607,0.16153117537456213
CL6,Cscore,-0.14277,0.16163127394282956
CL6,Cscore,-0.00665,0.16153035536215749
CL6,Cscore,0.12330999999999999,0.16128254110532914
CL6,Cscore,0.25953000000000004,0.16087280053776176
CL6,Cscore,0.41594,0.16017746933031488
CL6,Cscore,0.5848899999999999,0.15904245353865884
CL6,Cscore,0.7583,0.1572440664045818
CL6,Cscore,0.9394899999999999,0.15432945666368295
CL6,Cscore,1.1340700000000001,0.14949638286729094
CL6,Cscore,1.3061200000000002,0.14325795310010217
CL6,Cscore,1.46191,0.13566953775901194
CL6,Cscore,1.6308799999999999,0.12513605044589085
CL6,Cscore,1.81175,0.11124564282195717
CL6,Cscore,2.04506,0.09019143366485978
CL6,Cscore,2.33337,0.06253807877790386
CL6,Cscore,2.63199,0.03725743361658098
CL6,Cscore,3.00537,0.01589816311875999
CL6,Cscore,3.4643599999999997,0.004148573358040453
CL6,Impulsive,-2.55524,0.32189518141340046
CL6,Impulsive,-1.37983,0.21996565149818564
CL6,Impulsive,-0.71126,0.12871543072485817
CL6,Impulsive,-0.21711999999999998,0.10301004262386713
CL6,Impulsive,0.19268,0.11467336178953215
CL6,Impulsive,0.52975,0.1314452892473915
CL6,Impulsive,0.88113,0.14964389561968688
CL6,Impulsive,1.29221,0.17754318572024938
CL6,Impulsive,1.8620299999999999,0.2268334380266901
CL6,Impulsive,2.90161,0.30177703865411976
CL6,SS,-2.07848,0.16945565568232673
CL6,SS,-1.5485799999999998,0.18772448760843397
CL6,SS,-1.18084,0.18986447803485573
CL6,SS,-0.8463700000000001,0.18647905612372864
CL6,SS,-0.52593,0.15569453702904304
CL6,SS,-0.21575,0.0906187725840051
CL6,SS,0.07987000000000001,0.1681915357844964
CL6,SS,0.40148,0.16279114144498882
CL6,SS,0.7654,0.15801201390158304
CL6,SS,1.2247,0.15273429479256392
CL6,SS,1.92173,0.13818001568545338
